GEONR;GEONAME;CLASS_HAB;VARIABLE;VALUE;STATUS
2701;Basel;6;depc_t;319492;A
2701;Basel;6;depc_pat_cul;89279;A
2701;Basel;6;depc_cula;96742;A
2701;Basel;6;depc_med;0;A
2701;Basel;6;depc_spo;133339;A
2701;Basel;6;depc_egl;132;A
2701;Basel;6;depic_t;89536;A
2701;Basel;6;depic_pat_cul;7956;A
2701;Basel;6;depic_cula;19020;A
2701;Basel;6;depic_med;0;A
2701;Basel;6;depic_spo;62428;A
2701;Basel;6;depic_egl;132;A
351;Bern;6;depc_t;90344;A
351;Bern;6;depc_pat_cul;5825;A
351;Bern;6;depc_cula;47394;A
351;Bern;6;depc_med;946;A
351;Bern;6;depc_spo;36167;A
351;Bern;6;depc_egl;12;A
351;Bern;6;depic_t;11890;A
351;Bern;6;depic_pat_cul;68;A
351;Bern;6;depic_cula;5917;A
351;Bern;6;depic_med;0;A
351;Bern;6;depic_spo;5905;A
351;Bern;6;depic_egl;0;A
6621;Genève;6;depc_t;425099;A
6621;Genève;6;depc_pat_cul;93908;A
6621;Genève;6;depc_cula;229330;A
6621;Genève;6;depc_med;3428;A
6621;Genève;6;depc_spo;98432;A
6621;Genève;6;depc_egl;0;A
6621;Genève;6;depic_t;71360;A
6621;Genève;6;depic_pat_cul;7027;A
6621;Genève;6;depic_cula;58387;A
6621;Genève;6;depic_med;0;A
6621;Genève;6;depic_spo;5947;A
6621;Genève;6;depic_egl;0;A
5586;Lausanne;6;depc_t;192444;A
5586;Lausanne;6;depc_pat_cul;2107;A
5586;Lausanne;6;depc_cula;63615;A
5586;Lausanne;6;depc_med;481;A
5586;Lausanne;6;depc_spo;122399;A
5586;Lausanne;6;depc_egl;3841;A
5586;Lausanne;6;depic_t;46629;A
5586;Lausanne;6;depic_pat_cul;1616;A
5586;Lausanne;6;depic_cula;51;A
5586;Lausanne;6;depic_med;0;A
5586;Lausanne;6;depic_spo;44961;A
5586;Lausanne;6;depic_egl;0;A
230;Winterthur;6;depc_t;69627;A
230;Winterthur;6;depc_pat_cul;10895;A
230;Winterthur;6;depc_cula;34284;A
230;Winterthur;6;depc_med;280;A
230;Winterthur;6;depc_spo;24168;A
230;Winterthur;6;depc_egl;0;A
230;Winterthur;6;depic_t;8016;A
230;Winterthur;6;depic_pat_cul;840;A
230;Winterthur;6;depic_cula;1158;A
230;Winterthur;6;depic_med;0;A
230;Winterthur;6;depic_spo;6018;A
230;Winterthur;6;depic_egl;0;A
261;Zürich;6;depc_t;316034;A
261;Zürich;6;depc_pat_cul;45228;A
261;Zürich;6;depc_cula;129286;A
261;Zürich;6;depc_med;12546;A
261;Zürich;6;depc_spo;128893;A
261;Zürich;6;depc_egl;81;A
261;Zürich;6;depic_t;48112;A
261;Zürich;6;depic_pat_cul;8132;A
261;Zürich;6;depic_cula;9998;A
261;Zürich;6;depic_med;0;A
261;Zürich;6;depic_spo;29982;A
261;Zürich;6;depic_egl;0;A
371;Biel/Bienne;5;depc_t;32408;A
371;Biel/Bienne;5;depc_pat_cul;1716;A
371;Biel/Bienne;5;depc_cula;13829;A
371;Biel/Bienne;5;depc_med;76;A
371;Biel/Bienne;5;depc_spo;16786;A
371;Biel/Bienne;5;depc_egl;0;A
371;Biel/Bienne;5;depic_t;9052;A
371;Biel/Bienne;5;depic_pat_cul;0;A
371;Biel/Bienne;5;depic_cula;4438;A
371;Biel/Bienne;5;depic_med;0;A
371;Biel/Bienne;5;depic_spo;4614;A
371;Biel/Bienne;5;depic_egl;0;A
5192;Lugano;5;depc_t;58629;A
5192;Lugano;5;depc_pat_cul;9458;A
5192;Lugano;5;depc_cula;26055;A
5192;Lugano;5;depc_med;159;A
5192;Lugano;5;depc_spo;22316;A
5192;Lugano;5;depc_egl;640;A
5192;Lugano;5;depic_t;8630;A
5192;Lugano;5;depic_pat_cul;1008;A
5192;Lugano;5;depic_cula;2549;A
5192;Lugano;5;depic_med;0;A
5192;Lugano;5;depic_spo;4993;A
5192;Lugano;5;depic_egl;80;A
1061;Luzern;5;depc_t;44304;A
1061;Luzern;5;depc_pat_cul;2823;A
1061;Luzern;5;depc_cula;23498;A
1061;Luzern;5;depc_med;183;A
1061;Luzern;5;depc_spo;17801;A
1061;Luzern;5;depc_egl;0;A
1061;Luzern;5;depic_t;3736;A
1061;Luzern;5;depic_pat_cul;0;A
1061;Luzern;5;depic_cula;83;A
1061;Luzern;5;depic_med;0;A
1061;Luzern;5;depic_spo;3652;A
1061;Luzern;5;depic_egl;0;A
3203;St. Gallen;5;depc_t;41173;A
3203;St. Gallen;5;depc_pat_cul;9065;A
3203;St. Gallen;5;depc_cula;13714;A
3203;St. Gallen;5;depc_med;180;A
3203;St. Gallen;5;depc_spo;18205;A
3203;St. Gallen;5;depc_egl;10;A
3203;St. Gallen;5;depic_t;3117;A
3203;St. Gallen;5;depic_pat_cul;1557;A
3203;St. Gallen;5;depic_cula;0;A
3203;St. Gallen;5;depic_med;0;A
3203;St. Gallen;5;depic_spo;1560;A
3203;St. Gallen;5;depic_egl;0;A
4001;Aarau;4;depc_t;14722;A
4001;Aarau;4;depc_pat_cul;2674;A
4001;Aarau;4;depc_cula;4587;A
4001;Aarau;4;depc_med;0;A
4001;Aarau;4;depc_spo;7461;A
4001;Aarau;4;depc_egl;0;A
4001;Aarau;4;depic_t;2750;A
4001;Aarau;4;depic_pat_cul;215;A
4001;Aarau;4;depic_cula;196;A
4001;Aarau;4;depic_med;0;A
4001;Aarau;4;depic_spo;2339;A
4001;Aarau;4;depic_egl;0;A
2762;Allschwil;4;depc_t;2472;A
2762;Allschwil;4;depc_pat_cul;211;A
2762;Allschwil;4;depc_cula;169;A
2762;Allschwil;4;depc_med;0;A
2762;Allschwil;4;depc_spo;2091;A
2762;Allschwil;4;depc_egl;1;A
2762;Allschwil;4;depic_t;212;A
2762;Allschwil;4;depic_pat_cul;0;A
2762;Allschwil;4;depic_cula;0;A
2762;Allschwil;4;depic_med;0;A
2762;Allschwil;4;depic_spo;212;A
2762;Allschwil;4;depic_egl;0;A
1701;Baar;4;depc_t;6671;A
1701;Baar;4;depc_pat_cul;94;A
1701;Baar;4;depc_cula;1746;A
1701;Baar;4;depc_med;0;A
1701;Baar;4;depc_spo;4832;A
1701;Baar;4;depc_egl;0;A
1701;Baar;4;depic_t;62;A
1701;Baar;4;depic_pat_cul;0;A
1701;Baar;4;depic_cula;0;A
1701;Baar;4;depic_med;0;A
1701;Baar;4;depic_spo;62;A
1701;Baar;4;depic_egl;0;A
5002;Bellinzona;4;depc_t;16489;A
5002;Bellinzona;4;depc_pat_cul;4235;A
5002;Bellinzona;4;depc_cula;2090;A
5002;Bellinzona;4;depc_med;0;A
5002;Bellinzona;4;depc_spo;9897;A
5002;Bellinzona;4;depc_egl;267;A
5002;Bellinzona;4;depic_t;6167;A
5002;Bellinzona;4;depic_pat_cul;2700;A
5002;Bellinzona;4;depic_cula;226;A
5002;Bellinzona;4;depic_med;0;A
5002;Bellinzona;4;depic_spo;3162;A
5002;Bellinzona;4;depic_egl;80;A
53;Bülach;4;depc_t;6023;A
53;Bülach;4;depc_pat_cul;26;A
53;Bülach;4;depc_cula;1376;A
53;Bülach;4;depc_med;0;A
53;Bülach;4;depc_spo;4622;A
53;Bülach;4;depc_egl;0;A
53;Bülach;4;depic_t;1214;A
53;Bülach;4;depic_pat_cul;0;A
53;Bülach;4;depic_cula;100;A
53;Bülach;4;depic_med;0;A
53;Bülach;4;depic_spo;1114;A
53;Bülach;4;depic_egl;0;A
2125;Bulle;4;depc_t;9869;A
2125;Bulle;4;depc_pat_cul;1894;A
2125;Bulle;4;depc_cula;1172;A
2125;Bulle;4;depc_med;113;A
2125;Bulle;4;depc_spo;6690;A
2125;Bulle;4;depc_egl;0;A
2125;Bulle;4;depic_t;1795;A
2125;Bulle;4;depic_pat_cul;65;A
2125;Bulle;4;depic_cula;0;A
2125;Bulle;4;depic_med;0;A
2125;Bulle;4;depic_spo;1731;A
2125;Bulle;4;depic_egl;0;A
6608;Carouge (GE);4;depc_t;28831;A
6608;Carouge (GE);4;depc_pat_cul;978;A
6608;Carouge (GE);4;depc_cula;17132;A
6608;Carouge (GE);4;depc_med;508;A
6608;Carouge (GE);4;depc_spo;10213;A
6608;Carouge (GE);4;depc_egl;0;A
6608;Carouge (GE);4;depic_t;7265;A
6608;Carouge (GE);4;depic_pat_cul;8;A
6608;Carouge (GE);4;depic_cula;6481;A
6608;Carouge (GE);4;depic_med;0;A
6608;Carouge (GE);4;depic_spo;777;A
6608;Carouge (GE);4;depic_egl;0;A
3901;Chur;4;depc_t;23665;A
3901;Chur;4;depc_pat_cul;212;A
3901;Chur;4;depc_cula;3876;A
3901;Chur;4;depc_med;0;A
3901;Chur;4;depc_spo;19578;A
3901;Chur;4;depc_egl;0;A
3901;Chur;4;depic_t;8953;A
3901;Chur;4;depic_pat_cul;0;A
3901;Chur;4;depic_cula;802;A
3901;Chur;4;depic_med;0;A
3901;Chur;4;depic_spo;8151;A
3901;Chur;4;depic_egl;0;A
243;Dietikon;4;depc_t;5875;A
243;Dietikon;4;depc_pat_cul;46;A
243;Dietikon;4;depc_cula;1050;A
243;Dietikon;4;depc_med;0;A
243;Dietikon;4;depc_spo;4779;A
243;Dietikon;4;depc_egl;0;A
243;Dietikon;4;depic_t;1228;A
243;Dietikon;4;depic_pat_cul;0;A
243;Dietikon;4;depic_cula;186;A
243;Dietikon;4;depic_med;0;A
243;Dietikon;4;depic_spo;1042;A
243;Dietikon;4;depic_egl;0;A
191;Dübendorf;4;depc_t;4793;A
191;Dübendorf;4;depc_pat_cul;20;A
191;Dübendorf;4;depc_cula;1109;A
191;Dübendorf;4;depc_med;25;A
191;Dübendorf;4;depc_spo;3567;A
191;Dübendorf;4;depc_egl;73;A
191;Dübendorf;4;depic_t;436;A
191;Dübendorf;4;depic_pat_cul;0;A
191;Dübendorf;4;depic_cula;82;A
191;Dübendorf;4;depic_med;0;A
191;Dübendorf;4;depic_spo;354;A
191;Dübendorf;4;depic_egl;0;A
1024;Emmen;4;depc_t;4327;A
1024;Emmen;4;depc_pat_cul;152;A
1024;Emmen;4;depc_cula;803;A
1024;Emmen;4;depc_med;52;A
1024;Emmen;4;depc_spo;3321;A
1024;Emmen;4;depc_egl;0;A
1024;Emmen;4;depic_t;92;A
1024;Emmen;4;depic_pat_cul;0;A
1024;Emmen;4;depic_cula;-19;A
1024;Emmen;4;depic_med;0;A
1024;Emmen;4;depic_spo;111;A
1024;Emmen;4;depic_egl;0;A
4566;Frauenfeld;4;depc_t;8497;A
4566;Frauenfeld;4;depc_pat_cul;67;A
4566;Frauenfeld;4;depc_cula;2198;A
4566;Frauenfeld;4;depc_med;20;A
4566;Frauenfeld;4;depc_spo;6212;A
4566;Frauenfeld;4;depc_egl;0;A
4566;Frauenfeld;4;depic_t;890;A
4566;Frauenfeld;4;depic_pat_cul;0;A
4566;Frauenfeld;4;depic_cula;49;A
4566;Frauenfeld;4;depic_med;0;A
4566;Frauenfeld;4;depic_spo;841;A
4566;Frauenfeld;4;depic_egl;0;A
2196;Fribourg;4;depc_t;13981;A
2196;Fribourg;4;depc_pat_cul;46;A
2196;Fribourg;4;depc_cula;3938;A
2196;Fribourg;4;depc_med;216;A
2196;Fribourg;4;depc_spo;9782;A
2196;Fribourg;4;depc_egl;0;A
2196;Fribourg;4;depic_t;1251;A
2196;Fribourg;4;depic_pat_cul;0;A
2196;Fribourg;4;depic_cula;0;A
2196;Fribourg;4;depic_med;0;A
2196;Fribourg;4;depic_spo;1251;A
2196;Fribourg;4;depic_egl;0;A
295;Horgen;4;depc_t;5558;A
295;Horgen;4;depc_pat_cul;66;A
295;Horgen;4;depc_cula;1000;A
295;Horgen;4;depc_med;0;A
295;Horgen;4;depc_spo;4493;A
295;Horgen;4;depc_egl;0;A
295;Horgen;4;depic_t;1617;A
295;Horgen;4;depic_pat_cul;0;A
295;Horgen;4;depic_cula;0;A
295;Horgen;4;depic_med;0;A
295;Horgen;4;depic_spo;1617;A
295;Horgen;4;depic_egl;0;A
62;Kloten;4;depc_t;11299;A
62;Kloten;4;depc_pat_cul;0;A
62;Kloten;4;depc_cula;1001;A
62;Kloten;4;depc_med;0;A
62;Kloten;4;depc_spo;10298;A
62;Kloten;4;depc_egl;0;A
62;Kloten;4;depic_t;2423;A
62;Kloten;4;depic_pat_cul;0;A
62;Kloten;4;depic_cula;0;A
62;Kloten;4;depic_med;0;A
62;Kloten;4;depic_spo;2423;A
62;Kloten;4;depic_egl;0;A
355;Köniz;4;depc_t;6781;A
355;Köniz;4;depc_pat_cul;45;A
355;Köniz;4;depc_cula;2867;A
355;Köniz;4;depc_med;420;A
355;Köniz;4;depc_spo;3449;A
355;Köniz;4;depc_egl;1;A
355;Köniz;4;depic_t;504;A
355;Köniz;4;depic_pat_cul;0;A
355;Köniz;4;depic_cula;0;A
355;Köniz;4;depic_med;0;A
355;Köniz;4;depic_spo;504;A
355;Köniz;4;depic_egl;0;A
4671;Kreuzlingen;4;depc_t;8881;A
4671;Kreuzlingen;4;depc_pat_cul;1034;A
4671;Kreuzlingen;4;depc_cula;1548;A
4671;Kreuzlingen;4;depc_med;0;A
4671;Kreuzlingen;4;depc_spo;6299;A
4671;Kreuzlingen;4;depc_egl;0;A
4671;Kreuzlingen;4;depic_t;2129;A
4671;Kreuzlingen;4;depic_pat_cul;550;A
4671;Kreuzlingen;4;depic_cula;0;A
4671;Kreuzlingen;4;depic_med;0;A
4671;Kreuzlingen;4;depic_spo;1579;A
4671;Kreuzlingen;4;depic_egl;0;A
1059;Kriens;4;depc_t;13872;A
1059;Kriens;4;depc_pat_cul;330;A
1059;Kriens;4;depc_cula;705;A
1059;Kriens;4;depc_med;152;A
1059;Kriens;4;depc_spo;12685;A
1059;Kriens;4;depc_egl;0;A
1059;Kriens;4;depic_t;9799;A
1059;Kriens;4;depic_pat_cul;0;A
1059;Kriens;4;depic_cula;0;A
1059;Kriens;4;depic_med;0;A
1059;Kriens;4;depic_spo;9799;A
1059;Kriens;4;depic_egl;0;A
6421;La Chaux-de-Fonds;4;depc_t;22601;A
6421;La Chaux-de-Fonds;4;depc_pat_cul;5995;A
6421;La Chaux-de-Fonds;4;depc_cula;8009;A
6421;La Chaux-de-Fonds;4;depc_med;21;A
6421;La Chaux-de-Fonds;4;depc_spo;8501;A
6421;La Chaux-de-Fonds;4;depc_egl;76;A
6421;La Chaux-de-Fonds;4;depic_t;3026;A
6421;La Chaux-de-Fonds;4;depic_pat_cul;665;A
6421;La Chaux-de-Fonds;4;depic_cula;504;A
6421;La Chaux-de-Fonds;4;depic_med;0;A
6421;La Chaux-de-Fonds;4;depic_spo;1857;A
6421;La Chaux-de-Fonds;4;depic_egl;0;A
6628;Lancy;4;depc_t;24136;A
6628;Lancy;4;depc_pat_cul;1049;A
6628;Lancy;4;depc_cula;2832;A
6628;Lancy;4;depc_med;336;A
6628;Lancy;4;depc_spo;19920;A
6628;Lancy;4;depc_egl;0;A
6628;Lancy;4;depic_t;6750;A
6628;Lancy;4;depic_pat_cul;127;A
6628;Lancy;4;depic_cula;68;A
6628;Lancy;4;depic_med;0;A
6628;Lancy;4;depic_spo;6555;A
6628;Lancy;4;depic_egl;0;A
6630;Meyrin;4;depc_t;26788;A
6630;Meyrin;4;depc_pat_cul;711;A
6630;Meyrin;4;depc_cula;6792;A
6630;Meyrin;4;depc_med;545;A
6630;Meyrin;4;depc_spo;18741;A
6630;Meyrin;4;depc_egl;0;A
6630;Meyrin;4;depic_t;3458;A
6630;Meyrin;4;depic_pat_cul;54;A
6630;Meyrin;4;depic_cula;340;A
6630;Meyrin;4;depic_med;45;A
6630;Meyrin;4;depic_spo;3019;A
6630;Meyrin;4;depic_egl;0;A
5886;Montreux;4;depc_t;24928;A
5886;Montreux;4;depc_pat_cul;85;A
5886;Montreux;4;depc_cula;8740;A
5886;Montreux;4;depc_med;0;A
5886;Montreux;4;depc_spo;15349;A
5886;Montreux;4;depc_egl;754;A
5886;Montreux;4;depic_t;4248;A
5886;Montreux;4;depic_pat_cul;0;A
5886;Montreux;4;depic_cula;927;A
5886;Montreux;4;depic_med;0;A
5886;Montreux;4;depic_spo;3285;A
5886;Montreux;4;depic_egl;36;A
6458;Neuchâtel;4;depc_t;43448;A
6458;Neuchâtel;4;depc_pat_cul;12347;A
6458;Neuchâtel;4;depc_cula;10338;A
6458;Neuchâtel;4;depc_med;390;A
6458;Neuchâtel;4;depc_spo;19786;A
6458;Neuchâtel;4;depc_egl;586;A
6458;Neuchâtel;4;depic_t;5183;A
6458;Neuchâtel;4;depic_pat_cul;3101;A
6458;Neuchâtel;4;depic_cula;88;A
6458;Neuchâtel;4;depic_med;0;A
6458;Neuchâtel;4;depic_spo;1994;A
6458;Neuchâtel;4;depic_egl;0;A
5724;Nyon;4;depc_t;21056;A
5724;Nyon;4;depc_pat_cul;3809;A
5724;Nyon;4;depc_cula;3189;A
5724;Nyon;4;depc_med;360;A
5724;Nyon;4;depc_spo;13535;A
5724;Nyon;4;depc_egl;163;A
5724;Nyon;4;depic_t;4324;A
5724;Nyon;4;depic_pat_cul;437;A
5724;Nyon;4;depic_cula;0;A
5724;Nyon;4;depic_med;0;A
5724;Nyon;4;depic_spo;3887;A
5724;Nyon;4;depic_egl;0;A
66;Opfikon;4;depc_t;6743;A
66;Opfikon;4;depc_pat_cul;0;A
66;Opfikon;4;depc_cula;776;A
66;Opfikon;4;depc_med;0;A
66;Opfikon;4;depc_spo;5966;A
66;Opfikon;4;depc_egl;0;A
66;Opfikon;4;depic_t;2617;A
66;Opfikon;4;depic_pat_cul;0;A
66;Opfikon;4;depic_cula;0;A
66;Opfikon;4;depic_med;0;A
66;Opfikon;4;depic_spo;2617;A
66;Opfikon;4;depic_egl;0;A
3340;Rapperswil-Jona;4;depc_t;14689;A
3340;Rapperswil-Jona;4;depc_pat_cul;745;A
3340;Rapperswil-Jona;4;depc_cula;2645;A
3340;Rapperswil-Jona;4;depc_med;12;A
3340;Rapperswil-Jona;4;depc_spo;11288;A
3340;Rapperswil-Jona;4;depc_egl;0;A
3340;Rapperswil-Jona;4;depic_t;5693;A
3340;Rapperswil-Jona;4;depic_pat_cul;145;A
3340;Rapperswil-Jona;4;depic_cula;433;A
3340;Rapperswil-Jona;4;depic_med;0;A
3340;Rapperswil-Jona;4;depic_spo;5115;A
3340;Rapperswil-Jona;4;depic_egl;0;A
5591;Renens (VD);4;depc_t;8542;A
5591;Renens (VD);4;depc_pat_cul;0;A
5591;Renens (VD);4;depc_cula;3546;A
5591;Renens (VD);4;depc_med;111;A
5591;Renens (VD);4;depc_spo;4588;A
5591;Renens (VD);4;depc_egl;297;A
5591;Renens (VD);4;depic_t;76;A
5591;Renens (VD);4;depic_pat_cul;0;A
5591;Renens (VD);4;depic_cula;0;A
5591;Renens (VD);4;depic_med;0;A
5591;Renens (VD);4;depic_spo;76;A
5591;Renens (VD);4;depic_egl;0;A
2703;Riehen;4;depc_t;13106;A
2703;Riehen;4;depc_pat_cul;1722;A
2703;Riehen;4;depc_cula;2608;A
2703;Riehen;4;depc_med;746;A
2703;Riehen;4;depc_spo;8030;A
2703;Riehen;4;depc_egl;0;A
2703;Riehen;4;depic_t;293;A
2703;Riehen;4;depic_pat_cul;256;A
2703;Riehen;4;depic_cula;0;A
2703;Riehen;4;depic_med;29;A
2703;Riehen;4;depic_spo;8;A
2703;Riehen;4;depic_egl;0;A
2939;Schaffhausen;4;depc_t;22827;A
2939;Schaffhausen;4;depc_pat_cul;4992;A
2939;Schaffhausen;4;depc_cula;7713;A
2939;Schaffhausen;4;depc_med;10;A
2939;Schaffhausen;4;depc_spo;10112;A
2939;Schaffhausen;4;depc_egl;0;A
2939;Schaffhausen;4;depic_t;1706;A
2939;Schaffhausen;4;depic_pat_cul;109;A
2939;Schaffhausen;4;depic_cula;246;A
2939;Schaffhausen;4;depic_med;0;A
2939;Schaffhausen;4;depic_spo;1351;A
2939;Schaffhausen;4;depic_egl;0;A
6266;Sion;4;depc_t;22918;A
6266;Sion;4;depc_pat_cul;262;A
6266;Sion;4;depc_cula;4199;A
6266;Sion;4;depc_med;0;A
6266;Sion;4;depc_spo;18457;A
6266;Sion;4;depc_egl;0;A
6266;Sion;4;depic_t;5533;A
6266;Sion;4;depic_pat_cul;262;A
6266;Sion;4;depic_cula;400;A
6266;Sion;4;depic_med;0;A
6266;Sion;4;depic_spo;4871;A
6266;Sion;4;depic_egl;0;A
942;Thun;4;depc_t;15072;A
942;Thun;4;depc_pat_cul;2435;A
942;Thun;4;depc_cula;3305;A
942;Thun;4;depc_med;0;A
942;Thun;4;depc_spo;9331;A
942;Thun;4;depc_egl;0;A
942;Thun;4;depic_t;2530;A
942;Thun;4;depic_pat_cul;99;A
942;Thun;4;depic_cula;95;A
942;Thun;4;depic_med;0;A
942;Thun;4;depic_spo;2336;A
942;Thun;4;depic_egl;0;A
198;Uster;4;depc_t;12280;A
198;Uster;4;depc_pat_cul;251;A
198;Uster;4;depc_cula;5109;A
198;Uster;4;depc_med;0;A
198;Uster;4;depc_spo;6920;A
198;Uster;4;depc_egl;0;A
198;Uster;4;depic_t;677;A
198;Uster;4;depic_pat_cul;0;A
198;Uster;4;depic_cula;148;A
198;Uster;4;depic_med;0;A
198;Uster;4;depic_spo;528;A
198;Uster;4;depic_egl;0;A
6643;Vernier;4;depc_t;26025;A
6643;Vernier;4;depc_pat_cul;0;A
6643;Vernier;4;depc_cula;5159;A
6643;Vernier;4;depc_med;252;A
6643;Vernier;4;depc_spo;20614;A
6643;Vernier;4;depc_egl;0;A
6643;Vernier;4;depic_t;10601;A
6643;Vernier;4;depic_pat_cul;0;A
6643;Vernier;4;depic_cula;979;A
6643;Vernier;4;depic_med;0;A
6643;Vernier;4;depic_spo;9622;A
6643;Vernier;4;depic_egl;0;A
142;Wädenswil;4;depc_t;6426;A
142;Wädenswil;4;depc_pat_cul;10;A
142;Wädenswil;4;depc_cula;609;A
142;Wädenswil;4;depc_med;0;A
142;Wädenswil;4;depc_spo;5776;A
142;Wädenswil;4;depc_egl;31;A
142;Wädenswil;4;depic_t;318;A
142;Wädenswil;4;depic_pat_cul;0;A
142;Wädenswil;4;depic_cula;0;A
142;Wädenswil;4;depic_med;0;A
142;Wädenswil;4;depic_spo;318;A
142;Wädenswil;4;depic_egl;0;A
4045;Wettingen;4;depc_t;14045;A
4045;Wettingen;4;depc_pat_cul;456;A
4045;Wettingen;4;depc_cula;727;A
4045;Wettingen;4;depc_med;0;A
4045;Wettingen;4;depc_spo;12862;A
4045;Wettingen;4;depc_egl;0;A
4045;Wettingen;4;depic_t;9109;A
4045;Wettingen;4;depic_pat_cul;0;A
4045;Wettingen;4;depic_cula;0;A
4045;Wettingen;4;depic_med;0;A
4045;Wettingen;4;depic_spo;9109;A
4045;Wettingen;4;depic_egl;0;A
121;Wetzikon (ZH);4;depc_t;6858;A
121;Wetzikon (ZH);4;depc_pat_cul;200;A
121;Wetzikon (ZH);4;depc_cula;985;A
121;Wetzikon (ZH);4;depc_med;0;A
121;Wetzikon (ZH);4;depc_spo;5673;A
121;Wetzikon (ZH);4;depc_egl;0;A
121;Wetzikon (ZH);4;depic_t;71;A
121;Wetzikon (ZH);4;depic_pat_cul;0;A
121;Wetzikon (ZH);4;depic_cula;0;A
121;Wetzikon (ZH);4;depic_med;0;A
121;Wetzikon (ZH);4;depic_spo;71;A
121;Wetzikon (ZH);4;depic_egl;0;A
3427;Wil (SG);4;depc_t;9668;A
3427;Wil (SG);4;depc_pat_cul;53;A
3427;Wil (SG);4;depc_cula;3880;A
3427;Wil (SG);4;depc_med;12;A
3427;Wil (SG);4;depc_spo;5724;A
3427;Wil (SG);4;depc_egl;0;A
3427;Wil (SG);4;depic_t;2985;A
3427;Wil (SG);4;depic_pat_cul;0;A
3427;Wil (SG);4;depic_cula;1514;A
3427;Wil (SG);4;depic_med;0;A
3427;Wil (SG);4;depic_spo;1471;A
3427;Wil (SG);4;depic_egl;0;A
5938;Yverdon-les-Bains;4;depc_t;20943;A
5938;Yverdon-les-Bains;4;depc_pat_cul;1641;A
5938;Yverdon-les-Bains;4;depc_cula;6805;A
5938;Yverdon-les-Bains;4;depc_med;82;A
5938;Yverdon-les-Bains;4;depc_spo;11559;A
5938;Yverdon-les-Bains;4;depc_egl;855;A
5938;Yverdon-les-Bains;4;depic_t;1406;A
5938;Yverdon-les-Bains;4;depic_pat_cul;0;A
5938;Yverdon-les-Bains;4;depic_cula;29;A
5938;Yverdon-les-Bains;4;depic_med;0;A
5938;Yverdon-les-Bains;4;depic_spo;1298;A
5938;Yverdon-les-Bains;4;depic_egl;79;A
1711;Zug;4;depc_t;12194;A
1711;Zug;4;depc_pat_cul;1373;A
1711;Zug;4;depc_cula;8350;A
1711;Zug;4;depc_med;0;A
1711;Zug;4;depc_spo;2471;A
1711;Zug;4;depc_egl;0;A
1711;Zug;4;depic_t;1580;A
1711;Zug;4;depic_pat_cul;0;A
1711;Zug;4;depic_cula;1563;A
1711;Zug;4;depic_med;0;A
1711;Zug;4;depic_spo;16;A
1711;Zug;4;depic_egl;0;A
131;Adliswil;3;depc_t;7894;A
131;Adliswil;3;depc_pat_cul;0;A
131;Adliswil;3;depc_cula;787;A
131;Adliswil;3;depc_med;0;A
131;Adliswil;3;depc_spo;7107;A
131;Adliswil;3;depc_egl;0;A
131;Adliswil;3;depic_t;3482;A
131;Adliswil;3;depic_pat_cul;0;A
131;Adliswil;3;depic_cula;0;A
131;Adliswil;3;depic_med;0;A
131;Adliswil;3;depic_spo;3482;A
131;Adliswil;3;depic_egl;0;A
4021;Baden;3;depc_t;17198;A
4021;Baden;3;depc_pat_cul;1675;A
4021;Baden;3;depc_cula;9262;A
4021;Baden;3;depc_med;0;A
4021;Baden;3;depc_spo;6261;A
4021;Baden;3;depc_egl;0;A
4021;Baden;3;depic_t;6113;A
4021;Baden;3;depic_pat_cul;14;A
4021;Baden;3;depic_cula;4596;A
4021;Baden;3;depic_med;0;A
4021;Baden;3;depic_spo;1504;A
4021;Baden;3;depic_egl;0;A
2765;Binningen;3;depc_t;4387;A
2765;Binningen;3;depc_pat_cul;481;A
2765;Binningen;3;depc_cula;362;A
2765;Binningen;3;depc_med;925;A
2765;Binningen;3;depc_spo;2619;A
2765;Binningen;3;depc_egl;0;A
2765;Binningen;3;depic_t;0;A
2765;Binningen;3;depic_pat_cul;0;A
2765;Binningen;3;depic_cula;0;A
2765;Binningen;3;depic_med;0;A
2765;Binningen;3;depic_spo;0;A
2765;Binningen;3;depic_egl;0;A
404;Burgdorf;3;depc_t;11180;A
404;Burgdorf;3;depc_pat_cul;172;A
404;Burgdorf;3;depc_cula;7698;A
404;Burgdorf;3;depc_med;28;A
404;Burgdorf;3;depc_spo;3283;A
404;Burgdorf;3;depc_egl;0;A
404;Burgdorf;3;depic_t;7552;A
404;Burgdorf;3;depic_pat_cul;0;A
404;Burgdorf;3;depic_cula;6700;A
404;Burgdorf;3;depic_med;8;A
404;Burgdorf;3;depic_spo;845;A
404;Burgdorf;3;depic_egl;0;A
1702;Cham;3;depc_t;4757;A
1702;Cham;3;depc_pat_cul;39;A
1702;Cham;3;depc_cula;2546;A
1702;Cham;3;depc_med;0;A
1702;Cham;3;depc_spo;2173;A
1702;Cham;3;depc_egl;0;A
1702;Cham;3;depic_t;0;A
1702;Cham;3;depic_pat_cul;0;A
1702;Cham;3;depic_cula;0;A
1702;Cham;3;depic_med;0;A
1702;Cham;3;depic_spo;0;A
1702;Cham;3;depic_egl;0;A
1301;Einsiedeln;3;depc_t;1168;A
1301;Einsiedeln;3;depc_pat_cul;10;A
1301;Einsiedeln;3;depc_cula;391;A
1301;Einsiedeln;3;depc_med;0;A
1301;Einsiedeln;3;depc_spo;767;A
1301;Einsiedeln;3;depc_egl;0;A
1301;Einsiedeln;3;depic_t;0;A
1301;Einsiedeln;3;depic_pat_cul;0;A
1301;Einsiedeln;3;depic_cula;0;A
1301;Einsiedeln;3;depic_med;0;A
1301;Einsiedeln;3;depic_spo;0;A
1301;Einsiedeln;3;depic_egl;0;A
1322;Freienbach;3;depc_t;2975;A
1322;Freienbach;3;depc_pat_cul;0;A
1322;Freienbach;3;depc_cula;361;A
1322;Freienbach;3;depc_med;80;A
1322;Freienbach;3;depc_spo;2533;A
1322;Freienbach;3;depc_egl;0;A
1322;Freienbach;3;depic_t;123;A
1322;Freienbach;3;depic_pat_cul;0;A
1322;Freienbach;3;depic_cula;0;A
1322;Freienbach;3;depic_med;0;A
1322;Freienbach;3;depic_spo;123;A
1322;Freienbach;3;depic_egl;0;A
1630;Glarus Nord;3;depc_t;3156;A
1630;Glarus Nord;3;depc_pat_cul;195;A
1630;Glarus Nord;3;depc_cula;1060;A
1630;Glarus Nord;3;depc_med;0;A
1630;Glarus Nord;3;depc_spo;1902;A
1630;Glarus Nord;3;depc_egl;0;A
1630;Glarus Nord;3;depic_t;0;A
1630;Glarus Nord;3;depic_pat_cul;0;A
1630;Glarus Nord;3;depic_cula;0;A
1630;Glarus Nord;3;depic_med;0;A
1630;Glarus Nord;3;depic_spo;0;A
1630;Glarus Nord;3;depic_egl;0;A
3443;Gossau (SG);3;depc_t;4904;A
3443;Gossau (SG);3;depc_pat_cul;3;A
3443;Gossau (SG);3;depc_cula;1831;A
3443;Gossau (SG);3;depc_med;0;A
3443;Gossau (SG);3;depc_spo;3070;A
3443;Gossau (SG);3;depc_egl;0;A
3443;Gossau (SG);3;depic_t;267;A
3443;Gossau (SG);3;depic_pat_cul;0;A
3443;Gossau (SG);3;depic_cula;0;A
3443;Gossau (SG);3;depic_med;0;A
3443;Gossau (SG);3;depic_spo;267;A
3443;Gossau (SG);3;depic_egl;0;A
2546;Grenchen;3;depc_t;5039;A
2546;Grenchen;3;depc_pat_cul;423;A
2546;Grenchen;3;depc_cula;1470;A
2546;Grenchen;3;depc_med;0;A
2546;Grenchen;3;depc_spo;3147;A
2546;Grenchen;3;depc_egl;0;A
2546;Grenchen;3;depic_t;1253;A
2546;Grenchen;3;depic_pat_cul;5;A
2546;Grenchen;3;depic_cula;619;A
2546;Grenchen;3;depic_med;0;A
2546;Grenchen;3;depic_spo;629;A
2546;Grenchen;3;depic_egl;0;A
3001;Herisau;3;depc_t;6012;A
3001;Herisau;3;depc_pat_cul;112;A
3001;Herisau;3;depc_cula;1082;A
3001;Herisau;3;depc_med;15;A
3001;Herisau;3;depc_spo;4755;A
3001;Herisau;3;depc_egl;47;A
3001;Herisau;3;depic_t;452;A
3001;Herisau;3;depic_pat_cul;101;A
3001;Herisau;3;depic_cula;169;A
3001;Herisau;3;depic_med;0;A
3001;Herisau;3;depic_spo;183;A
3001;Herisau;3;depic_egl;0;A
296;Illnau-Effretikon;3;depc_t;2673;A
296;Illnau-Effretikon;3;depc_pat_cul;73;A
296;Illnau-Effretikon;3;depc_cula;446;A
296;Illnau-Effretikon;3;depc_med;0;A
296;Illnau-Effretikon;3;depc_spo;2154;A
296;Illnau-Effretikon;3;depc_egl;0;A
296;Illnau-Effretikon;3;depic_t;0;A
296;Illnau-Effretikon;3;depic_pat_cul;0;A
296;Illnau-Effretikon;3;depic_cula;0;A
296;Illnau-Effretikon;3;depic_med;0;A
296;Illnau-Effretikon;3;depic_spo;0;A
296;Illnau-Effretikon;3;depic_egl;0;A
329;Langenthal;3;depc_t;11450;A
329;Langenthal;3;depc_pat_cul;164;A
329;Langenthal;3;depc_cula;5091;A
329;Langenthal;3;depc_med;0;A
329;Langenthal;3;depc_spo;6195;A
329;Langenthal;3;depc_egl;0;A
329;Langenthal;3;depic_t;4395;A
329;Langenthal;3;depic_pat_cul;0;A
329;Langenthal;3;depic_cula;2274;A
329;Langenthal;3;depic_med;0;A
329;Langenthal;3;depic_spo;2122;A
329;Langenthal;3;depic_egl;0;A
5113;Locarno;3;depc_t;5914;A
5113;Locarno;3;depc_pat_cul;1969;A
5113;Locarno;3;depc_cula;589;A
5113;Locarno;3;depc_med;300;A
5113;Locarno;3;depc_spo;2950;A
5113;Locarno;3;depc_egl;107;A
5113;Locarno;3;depic_t;1472;A
5113;Locarno;3;depic_pat_cul;981;A
5113;Locarno;3;depic_cula;24;A
5113;Locarno;3;depic_med;0;A
5113;Locarno;3;depic_spo;468;A
5113;Locarno;3;depic_egl;0;A
306;Lyss;3;depc_t;4490;A
306;Lyss;3;depc_pat_cul;2;A
306;Lyss;3;depc_cula;689;A
306;Lyss;3;depc_med;0;A
306;Lyss;3;depc_spo;3800;A
306;Lyss;3;depc_egl;0;A
306;Lyss;3;depic_t;579;A
306;Lyss;3;depic_pat_cul;0;A
306;Lyss;3;depic_cula;0;A
306;Lyss;3;depic_med;0;A
306;Lyss;3;depic_spo;579;A
306;Lyss;3;depic_egl;0;A
6136;Martigny;3;depc_t;9116;A
6136;Martigny;3;depc_pat_cul;997;A
6136;Martigny;3;depc_cula;2350;A
6136;Martigny;3;depc_med;0;A
6136;Martigny;3;depc_spo;5071;A
6136;Martigny;3;depc_egl;698;A
6136;Martigny;3;depic_t;440;A
6136;Martigny;3;depic_pat_cul;0;A
6136;Martigny;3;depic_cula;0;A
6136;Martigny;3;depic_med;0;A
6136;Martigny;3;depic_spo;440;A
6136;Martigny;3;depic_egl;0;A
6153;Monthey;3;depc_t;13137;A
6153;Monthey;3;depc_pat_cul;74;A
6153;Monthey;3;depc_cula;4627;A
6153;Monthey;3;depc_med;71;A
6153;Monthey;3;depc_spo;7460;A
6153;Monthey;3;depc_egl;905;A
6153;Monthey;3;depic_t;3841;A
6153;Monthey;3;depic_pat_cul;0;A
6153;Monthey;3;depic_cula;215;A
6153;Monthey;3;depic_med;0;A
6153;Monthey;3;depic_spo;3626;A
6153;Monthey;3;depic_egl;0;A
5642;Morges;3;depc_t;12655;A
5642;Morges;3;depc_pat_cul;929;A
5642;Morges;3;depc_cula;5823;A
5642;Morges;3;depc_med;7;A
5642;Morges;3;depc_spo;5451;A
5642;Morges;3;depc_egl;445;A
5642;Morges;3;depic_t;762;A
5642;Morges;3;depic_pat_cul;542;A
5642;Morges;3;depic_cula;10;A
5642;Morges;3;depic_med;0;A
5642;Morges;3;depic_spo;210;A
5642;Morges;3;depic_egl;0;A
2770;Muttenz;3;depc_t;4130;A
2770;Muttenz;3;depc_pat_cul;241;A
2770;Muttenz;3;depc_cula;396;A
2770;Muttenz;3;depc_med;873;A
2770;Muttenz;3;depc_spo;2590;A
2770;Muttenz;3;depc_egl;30;A
2770;Muttenz;3;depic_t;529;A
2770;Muttenz;3;depic_pat_cul;0;A
2770;Muttenz;3;depic_cula;0;A
2770;Muttenz;3;depic_med;53;A
2770;Muttenz;3;depic_spo;475;A
2770;Muttenz;3;depic_egl;0;A
2581;Olten;3;depc_t;15118;A
2581;Olten;3;depc_pat_cul;6264;A
2581;Olten;3;depc_cula;2060;A
2581;Olten;3;depc_med;0;A
2581;Olten;3;depc_spo;6794;A
2581;Olten;3;depc_egl;0;A
2581;Olten;3;depic_t;5456;A
2581;Olten;3;depic_pat_cul;3929;A
2581;Olten;3;depic_cula;152;A
2581;Olten;3;depic_med;0;A
2581;Olten;3;depic_spo;1375;A
2581;Olten;3;depic_egl;0;A
6631;Onex;3;depc_t;12590;A
6631;Onex;3;depc_pat_cul;0;A
6631;Onex;3;depc_cula;2490;A
6631;Onex;3;depc_med;137;A
6631;Onex;3;depc_spo;9963;A
6631;Onex;3;depc_egl;0;A
6631;Onex;3;depic_t;3209;A
6631;Onex;3;depic_pat_cul;0;A
6631;Onex;3;depic_cula;0;A
6631;Onex;3;depic_med;0;A
6631;Onex;3;depic_spo;3209;A
6631;Onex;3;depic_egl;0;A
363;Ostermundigen;3;depc_t;2189;A
363;Ostermundigen;3;depc_pat_cul;0;A
363;Ostermundigen;3;depc_cula;843;A
363;Ostermundigen;3;depc_med;31;A
363;Ostermundigen;3;depc_spo;1315;A
363;Ostermundigen;3;depc_egl;0;A
363;Ostermundigen;3;depic_t;1;A
363;Ostermundigen;3;depic_pat_cul;0;A
363;Ostermundigen;3;depic_cula;1;A
363;Ostermundigen;3;depic_med;0;A
363;Ostermundigen;3;depic_spo;0;A
363;Ostermundigen;3;depic_egl;0;A
2831;Pratteln;3;depc_t;4799;A
2831;Pratteln;3;depc_pat_cul;2;A
2831;Pratteln;3;depc_cula;352;A
2831;Pratteln;3;depc_med;1374;A
2831;Pratteln;3;depc_spo;3071;A
2831;Pratteln;3;depc_egl;0;A
2831;Pratteln;3;depic_t;397;A
2831;Pratteln;3;depic_pat_cul;0;A
2831;Pratteln;3;depic_cula;0;A
2831;Pratteln;3;depic_med;170;A
2831;Pratteln;3;depic_spo;227;A
2831;Pratteln;3;depic_egl;0;A
5590;Pully;3;depc_t;10550;A
5590;Pully;3;depc_pat_cul;1297;A
5590;Pully;3;depc_cula;3293;A
5590;Pully;3;depc_med;0;A
5590;Pully;3;depc_spo;5655;A
5590;Pully;3;depc_egl;305;A
5590;Pully;3;depic_t;626;A
5590;Pully;3;depic_pat_cul;0;A
5590;Pully;3;depic_cula;50;A
5590;Pully;3;depic_med;0;A
5590;Pully;3;depic_spo;576;A
5590;Pully;3;depic_egl;0;A
96;Regensdorf;3;depc_t;2218;A
96;Regensdorf;3;depc_pat_cul;0;A
96;Regensdorf;3;depc_cula;498;A
96;Regensdorf;3;depc_med;216;A
96;Regensdorf;3;depc_spo;1505;A
96;Regensdorf;3;depc_egl;0;A
96;Regensdorf;3;depic_t;0;A
96;Regensdorf;3;depic_pat_cul;0;A
96;Regensdorf;3;depic_cula;0;A
96;Regensdorf;3;depic_med;0;A
96;Regensdorf;3;depic_spo;0;A
96;Regensdorf;3;depic_egl;0;A
2773;Reinach (BL);3;depc_t;12677;A
2773;Reinach (BL);3;depc_pat_cul;77;A
2773;Reinach (BL);3;depc_cula;708;A
2773;Reinach (BL);3;depc_med;1468;A
2773;Reinach (BL);3;depc_spo;10424;A
2773;Reinach (BL);3;depc_egl;0;A
2773;Reinach (BL);3;depic_t;9234;A
2773;Reinach (BL);3;depic_pat_cul;0;A
2773;Reinach (BL);3;depic_cula;0;A
2773;Reinach (BL);3;depic_med;42;A
2773;Reinach (BL);3;depic_spo;9192;A
2773;Reinach (BL);3;depic_egl;0;A
247;Schlieren;3;depc_t;2648;A
247;Schlieren;3;depc_pat_cul;37;A
247;Schlieren;3;depc_cula;607;A
247;Schlieren;3;depc_med;0;A
247;Schlieren;3;depc_spo;2004;A
247;Schlieren;3;depc_egl;0;A
247;Schlieren;3;depic_t;59;A
247;Schlieren;3;depic_pat_cul;0;A
247;Schlieren;3;depic_cula;0;A
247;Schlieren;3;depic_med;0;A
247;Schlieren;3;depic_spo;59;A
247;Schlieren;3;depic_egl;0;A
1372;Schwyz;3;depc_t;1720;A
1372;Schwyz;3;depc_pat_cul;0;A
1372;Schwyz;3;depc_cula;451;A
1372;Schwyz;3;depc_med;0;A
1372;Schwyz;3;depc_spo;1269;A
1372;Schwyz;3;depc_egl;0;A
1372;Schwyz;3;depic_t;0;A
1372;Schwyz;3;depic_pat_cul;0;A
1372;Schwyz;3;depic_cula;0;A
1372;Schwyz;3;depic_med;0;A
1372;Schwyz;3;depic_spo;0;A
1372;Schwyz;3;depic_egl;0;A
6248;Sierre;3;depc_t;11925;A
6248;Sierre;3;depc_pat_cul;130;A
6248;Sierre;3;depc_cula;2933;A
6248;Sierre;3;depc_med;29;A
6248;Sierre;3;depc_spo;7838;A
6248;Sierre;3;depc_egl;995;A
6248;Sierre;3;depic_t;3644;A
6248;Sierre;3;depic_pat_cul;0;A
6248;Sierre;3;depic_cula;118;A
6248;Sierre;3;depic_med;0;A
6248;Sierre;3;depic_spo;3526;A
6248;Sierre;3;depic_egl;0;A
2601;Solothurn;3;depc_t;18571;A
2601;Solothurn;3;depc_pat_cul;4635;A
2601;Solothurn;3;depc_cula;5840;A
2601;Solothurn;3;depc_med;210;A
2601;Solothurn;3;depc_spo;7886;A
2601;Solothurn;3;depc_egl;0;A
2601;Solothurn;3;depic_t;2826;A
2601;Solothurn;3;depic_pat_cul;318;A
2601;Solothurn;3;depic_cula;256;A
2601;Solothurn;3;depic_med;0;A
2601;Solothurn;3;depic_spo;2252;A
2601;Solothurn;3;depic_egl;0;A
939;Steffisburg;3;depc_t;2149;A
939;Steffisburg;3;depc_pat_cul;155;A
939;Steffisburg;3;depc_cula;571;A
939;Steffisburg;3;depc_med;88;A
939;Steffisburg;3;depc_spo;1325;A
939;Steffisburg;3;depc_egl;10;A
939;Steffisburg;3;depic_t;747;A
939;Steffisburg;3;depic_pat_cul;0;A
939;Steffisburg;3;depic_cula;0;A
939;Steffisburg;3;depic_med;0;A
939;Steffisburg;3;depic_spo;747;A
939;Steffisburg;3;depic_egl;0;A
141;Thalwil;3;depc_t;8191;A
141;Thalwil;3;depc_pat_cul;33;A
141;Thalwil;3;depc_cula;590;A
141;Thalwil;3;depc_med;2;A
141;Thalwil;3;depc_spo;7560;A
141;Thalwil;3;depc_egl;5;A
141;Thalwil;3;depic_t;5291;A
141;Thalwil;3;depic_pat_cul;0;A
141;Thalwil;3;depic_cula;0;A
141;Thalwil;3;depic_med;0;A
141;Thalwil;3;depic_spo;5291;A
141;Thalwil;3;depic_egl;0;A
5890;Vevey;3;depc_t;17010;A
5890;Vevey;3;depc_pat_cul;4236;A
5890;Vevey;3;depc_cula;4566;A
5890;Vevey;3;depc_med;7;A
5890;Vevey;3;depc_spo;7681;A
5890;Vevey;3;depc_egl;520;A
5890;Vevey;3;depic_t;1716;A
5890;Vevey;3;depic_pat_cul;354;A
5890;Vevey;3;depic_cula;238;A
5890;Vevey;3;depic_med;0;A
5890;Vevey;3;depic_spo;1123;A
5890;Vevey;3;depic_egl;0;A
199;Volketswil;3;depc_t;7677;A
199;Volketswil;3;depc_pat_cul;24;A
199;Volketswil;3;depc_cula;638;A
199;Volketswil;3;depc_med;1735;A
199;Volketswil;3;depc_spo;5280;A
199;Volketswil;3;depc_egl;0;A
199;Volketswil;3;depic_t;3574;A
199;Volketswil;3;depic_pat_cul;0;A
199;Volketswil;3;depic_cula;0;A
199;Volketswil;3;depic_med;166;A
199;Volketswil;3;depic_spo;3408;A
199;Volketswil;3;depic_egl;0;A
69;Wallisellen;3;depc_t;5125;A
69;Wallisellen;3;depc_pat_cul;7;A
69;Wallisellen;3;depc_cula;1663;A
69;Wallisellen;3;depc_med;0;A
69;Wallisellen;3;depc_spo;3455;A
69;Wallisellen;3;depc_egl;0;A
69;Wallisellen;3;depic_t;1822;A
69;Wallisellen;3;depic_pat_cul;0;A
69;Wallisellen;3;depic_cula;0;A
69;Wallisellen;3;depic_med;0;A
69;Wallisellen;3;depic_spo;1822;A
69;Wallisellen;3;depic_egl;0;A
4082;Wohlen (AG);3;depc_t;14547;A
4082;Wohlen (AG);3;depc_pat_cul;178;A
4082;Wohlen (AG);3;depc_cula;726;A
4082;Wohlen (AG);3;depc_med;0;A
4082;Wohlen (AG);3;depc_spo;13643;A
4082;Wohlen (AG);3;depc_egl;0;A
4082;Wohlen (AG);3;depic_t;12215;A
4082;Wohlen (AG);3;depic_pat_cul;0;A
4082;Wohlen (AG);3;depic_cula;0;A
4082;Wohlen (AG);3;depic_med;0;A
4082;Wohlen (AG);3;depic_spo;12215;A
4082;Wohlen (AG);3;depic_egl;0;A
2761;Aesch (BL);2;depc_t;3757;A
2761;Aesch (BL);2;depc_pat_cul;0;A
2761;Aesch (BL);2;depc_cula;386;A
2761;Aesch (BL);2;depc_med;622;A
2761;Aesch (BL);2;depc_spo;2749;A
2761;Aesch (BL);2;depc_egl;0;A
2761;Aesch (BL);2;depic_t;731;A
2761;Aesch (BL);2;depic_pat_cul;0;A
2761;Aesch (BL);2;depic_cula;0;A
2761;Aesch (BL);2;depic_med;75;A
2761;Aesch (BL);2;depic_spo;655;A
2761;Aesch (BL);2;depic_egl;0;A
2;Affoltern am Albis;2;depc_t;2059;A
2;Affoltern am Albis;2;depc_pat_cul;0;A
2;Affoltern am Albis;2;depc_cula;855;A
2;Affoltern am Albis;2;depc_med;0;A
2;Affoltern am Albis;2;depc_spo;1204;A
2;Affoltern am Albis;2;depc_egl;0;A
2;Affoltern am Albis;2;depic_t;574;A
2;Affoltern am Albis;2;depic_pat_cul;0;A
2;Affoltern am Albis;2;depic_cula;0;A
2;Affoltern am Albis;2;depic_med;0;A
2;Affoltern am Albis;2;depic_spo;574;A
2;Affoltern am Albis;2;depic_egl;0;A
5401;Aigle;2;depc_t;2009;A
5401;Aigle;2;depc_pat_cul;62;A
5401;Aigle;2;depc_cula;818;A
5401;Aigle;2;depc_med;30;A
5401;Aigle;2;depc_spo;1098;A
5401;Aigle;2;depc_egl;0;A
5401;Aigle;2;depic_t;30;A
5401;Aigle;2;depic_pat_cul;0;A
5401;Aigle;2;depic_cula;0;A
5401;Aigle;2;depic_med;0;A
5401;Aigle;2;depic_spo;30;A
5401;Aigle;2;depic_egl;0;A
3251;Altstätten;2;depc_t;6437;A
3251;Altstätten;2;depc_pat_cul;72;A
3251;Altstätten;2;depc_cula;441;A
3251;Altstätten;2;depc_med;0;A
3251;Altstätten;2;depc_spo;5925;A
3251;Altstätten;2;depc_egl;0;A
3251;Altstätten;2;depic_t;4500;A
3251;Altstätten;2;depic_pat_cul;0;A
3251;Altstätten;2;depic_cula;0;A
3251;Altstätten;2;depic_med;0;A
3251;Altstätten;2;depic_spo;4500;A
3251;Altstätten;2;depic_egl;0;A
4461;Amriswil;2;depc_t;7973;A
4461;Amriswil;2;depc_pat_cul;61;A
4461;Amriswil;2;depc_cula;1030;A
4461;Amriswil;2;depc_med;0;A
4461;Amriswil;2;depc_spo;6883;A
4461;Amriswil;2;depc_egl;0;A
4461;Amriswil;2;depic_t;5177;A
4461;Amriswil;2;depic_pat_cul;0;A
4461;Amriswil;2;depic_cula;0;A
4461;Amriswil;2;depic_med;0;A
4461;Amriswil;2;depic_spo;5177;A
4461;Amriswil;2;depic_egl;0;A
4401;Arbon;2;depc_t;6548;A
4401;Arbon;2;depc_pat_cul;1776;A
4401;Arbon;2;depc_cula;209;A
4401;Arbon;2;depc_med;8;A
4401;Arbon;2;depc_spo;4555;A
4401;Arbon;2;depc_egl;0;A
4401;Arbon;2;depic_t;2286;A
4401;Arbon;2;depic_pat_cul;1347;A
4401;Arbon;2;depic_cula;0;A
4401;Arbon;2;depic_med;0;A
4401;Arbon;2;depic_spo;938;A
4401;Arbon;2;depic_egl;0;A
1362;Arth;2;depc_t;714;A
1362;Arth;2;depc_pat_cul;0;A
1362;Arth;2;depc_cula;104;A
1362;Arth;2;depc_med;0;A
1362;Arth;2;depc_spo;610;A
1362;Arth;2;depc_egl;0;A
1362;Arth;2;depic_t;102;A
1362;Arth;2;depic_pat_cul;0;A
1362;Arth;2;depic_cula;0;A
1362;Arth;2;depic_med;0;A
1362;Arth;2;depic_spo;102;A
1362;Arth;2;depic_egl;0;A
52;Bassersdorf;2;depc_t;1506;A
52;Bassersdorf;2;depc_pat_cul;13;A
52;Bassersdorf;2;depc_cula;984;A
52;Bassersdorf;2;depc_med;0;A
52;Bassersdorf;2;depc_spo;508;A
52;Bassersdorf;2;depc_egl;0;A
52;Bassersdorf;2;depic_t;0;A
52;Bassersdorf;2;depic_pat_cul;0;A
52;Bassersdorf;2;depic_cula;0;A
52;Bassersdorf;2;depic_med;0;A
52;Bassersdorf;2;depic_spo;0;A
52;Bassersdorf;2;depic_egl;0;A
861;Belp;2;depc_t;1506;A
861;Belp;2;depc_pat_cul;76;A
861;Belp;2;depc_cula;555;A
861;Belp;2;depc_med;40;A
861;Belp;2;depc_spo;834;A
861;Belp;2;depc_egl;0;A
861;Belp;2;depic_t;8;A
861;Belp;2;depic_pat_cul;0;A
861;Belp;2;depic_cula;0;A
861;Belp;2;depic_med;0;A
861;Belp;2;depic_spo;8;A
861;Belp;2;depic_egl;0;A
2766;Birsfelden;2;depc_t;3399;A
2766;Birsfelden;2;depc_pat_cul;138;A
2766;Birsfelden;2;depc_cula;138;A
2766;Birsfelden;2;depc_med;399;A
2766;Birsfelden;2;depc_spo;2724;A
2766;Birsfelden;2;depc_egl;0;A
2766;Birsfelden;2;depic_t;828;A
2766;Birsfelden;2;depic_pat_cul;0;A
2766;Birsfelden;2;depic_cula;0;A
2766;Birsfelden;2;depic_med;41;A
2766;Birsfelden;2;depic_spo;787;A
2766;Birsfelden;2;depic_egl;0;A
6002;Brig-Glis;2;depc_t;5931;A
6002;Brig-Glis;2;depc_pat_cul;84;A
6002;Brig-Glis;2;depc_cula;1911;A
6002;Brig-Glis;2;depc_med;0;A
6002;Brig-Glis;2;depc_spo;2573;A
6002;Brig-Glis;2;depc_egl;1363;A
6002;Brig-Glis;2;depic_t;413;A
6002;Brig-Glis;2;depic_pat_cul;0;A
6002;Brig-Glis;2;depic_cula;170;A
6002;Brig-Glis;2;depic_med;0;A
6002;Brig-Glis;2;depic_spo;243;A
6002;Brig-Glis;2;depic_egl;0;A
4095;Brugg;2;depc_t;3656;A
4095;Brugg;2;depc_pat_cul;152;A
4095;Brugg;2;depc_cula;781;A
4095;Brugg;2;depc_med;0;A
4095;Brugg;2;depc_spo;2722;A
4095;Brugg;2;depc_egl;0;A
4095;Brugg;2;depic_t;426;A
4095;Brugg;2;depic_pat_cul;0;A
4095;Brugg;2;depic_cula;0;A
4095;Brugg;2;depic_med;0;A
4095;Brugg;2;depic_spo;426;A
4095;Brugg;2;depic_egl;0;A
3271;Buchs (SG);2;depc_t;2789;A
3271;Buchs (SG);2;depc_pat_cul;;N
3271;Buchs (SG);2;depc_cula;604;A
3271;Buchs (SG);2;depc_med;0;A
3271;Buchs (SG);2;depc_spo;2184;A
3271;Buchs (SG);2;depc_egl;0;A
3271;Buchs (SG);2;depic_t;566;A
3271;Buchs (SG);2;depic_pat_cul;0;A
3271;Buchs (SG);2;depic_cula;0;A
3271;Buchs (SG);2;depic_med;0;A
3271;Buchs (SG);2;depic_spo;566;A
3271;Buchs (SG);2;depic_egl;0;A
6612;Chêne-Bougeries;2;depc_t;5128;A
6612;Chêne-Bougeries;2;depc_pat_cul;0;A
6612;Chêne-Bougeries;2;depc_cula;838;A
6612;Chêne-Bougeries;2;depc_med;0;A
6612;Chêne-Bougeries;2;depc_spo;4290;A
6612;Chêne-Bougeries;2;depc_egl;0;A
6612;Chêne-Bougeries;2;depic_t;131;A
6612;Chêne-Bougeries;2;depic_pat_cul;0;A
6612;Chêne-Bougeries;2;depic_cula;0;A
6612;Chêne-Bougeries;2;depic_med;0;A
6612;Chêne-Bougeries;2;depic_spo;131;A
6612;Chêne-Bougeries;2;depic_egl;0;A
3851;Davos;2;depc_t;12697;A
3851;Davos;2;depc_pat_cul;136;A
3851;Davos;2;depc_cula;723;A
3851;Davos;2;depc_med;0;A
3851;Davos;2;depc_spo;11837;A
3851;Davos;2;depc_egl;0;A
3851;Davos;2;depic_t;7652;A
3851;Davos;2;depic_pat_cul;0;A
3851;Davos;2;depic_cula;0;A
3851;Davos;2;depic_med;0;A
3851;Davos;2;depic_spo;7652;A
3851;Davos;2;depic_egl;0;A
6711;Delémont;2;depc_t;5439;A
6711;Delémont;2;depc_pat_cul;352;A
6711;Delémont;2;depc_cula;1683;A
6711;Delémont;2;depc_med;5;A
6711;Delémont;2;depc_spo;3399;A
6711;Delémont;2;depc_egl;0;A
6711;Delémont;2;depic_t;234;A
6711;Delémont;2;depic_pat_cul;0;A
6711;Delémont;2;depic_cula;0;A
6711;Delémont;2;depic_med;0;A
6711;Delémont;2;depic_spo;234;A
6711;Delémont;2;depic_egl;0;A
1054;Ebikon;2;depc_t;1109;A
1054;Ebikon;2;depc_pat_cul;0;A
1054;Ebikon;2;depc_cula;392;A
1054;Ebikon;2;depc_med;0;A
1054;Ebikon;2;depc_spo;677;A
1054;Ebikon;2;depc_egl;40;A
1054;Ebikon;2;depic_t;103;A
1054;Ebikon;2;depic_pat_cul;0;A
1054;Ebikon;2;depic_cula;0;A
1054;Ebikon;2;depic_med;0;A
1054;Ebikon;2;depic_spo;103;A
1054;Ebikon;2;depic_egl;0;A
5635;Ecublens (VD);2;depc_t;4018;A
5635;Ecublens (VD);2;depc_pat_cul;2;A
5635;Ecublens (VD);2;depc_cula;1381;A
5635;Ecublens (VD);2;depc_med;44;A
5635;Ecublens (VD);2;depc_spo;2425;A
5635;Ecublens (VD);2;depc_egl;165;A
5635;Ecublens (VD);2;depic_t;412;A
5635;Ecublens (VD);2;depic_pat_cul;0;A
5635;Ecublens (VD);2;depic_cula;0;A
5635;Ecublens (VD);2;depic_med;0;A
5635;Ecublens (VD);2;depic_spo;412;A
5635;Ecublens (VD);2;depic_egl;0;A
3402;Flawil;2;depc_t;1878;A
3402;Flawil;2;depc_pat_cul;5;A
3402;Flawil;2;depc_cula;669;A
3402;Flawil;2;depc_med;123;A
3402;Flawil;2;depc_spo;1080;A
3402;Flawil;2;depc_egl;0;A
3402;Flawil;2;depic_t;37;A
3402;Flawil;2;depic_pat_cul;0;A
3402;Flawil;2;depic_cula;37;A
3402;Flawil;2;depic_med;0;A
3402;Flawil;2;depic_spo;0;A
3402;Flawil;2;depic_egl;0;A
5721;Gland;2;depc_t;4766;A
5721;Gland;2;depc_pat_cul;0;A
5721;Gland;2;depc_cula;1815;A
5721;Gland;2;depc_med;130;A
5721;Gland;2;depc_spo;2752;A
5721;Gland;2;depc_egl;69;A
5721;Gland;2;depic_t;1724;A
5721;Gland;2;depic_pat_cul;0;A
5721;Gland;2;depic_cula;60;A
5721;Gland;2;depic_med;130;A
5721;Gland;2;depic_spo;1534;A
5721;Gland;2;depic_egl;0;A
1632;Glarus;2;depc_t;3232;A
1632;Glarus;2;depc_pat_cul;128;A
1632;Glarus;2;depc_cula;273;A
1632;Glarus;2;depc_med;0;A
1632;Glarus;2;depc_spo;2796;A
1632;Glarus;2;depc_egl;34;A
1632;Glarus;2;depic_t;991;A
1632;Glarus;2;depic_pat_cul;43;A
1632;Glarus;2;depic_cula;18;A
1632;Glarus;2;depic_med;0;A
1632;Glarus;2;depic_spo;930;A
1632;Glarus;2;depic_egl;0;A
117;Hinwil;2;depc_t;1601;A
117;Hinwil;2;depc_pat_cul;51;A
117;Hinwil;2;depc_cula;484;A
117;Hinwil;2;depc_med;93;A
117;Hinwil;2;depc_spo;973;A
117;Hinwil;2;depc_egl;0;A
117;Hinwil;2;depic_t;328;A
117;Hinwil;2;depic_pat_cul;0;A
117;Hinwil;2;depic_cula;0;A
117;Hinwil;2;depic_med;0;A
117;Hinwil;2;depic_spo;328;A
117;Hinwil;2;depic_egl;0;A
1058;Horw;2;depc_t;2581;A
1058;Horw;2;depc_pat_cul;0;A
1058;Horw;2;depc_cula;697;A
1058;Horw;2;depc_med;395;A
1058;Horw;2;depc_spo;1488;A
1058;Horw;2;depc_egl;0;A
1058;Horw;2;depic_t;0;A
1058;Horw;2;depic_pat_cul;0;A
1058;Horw;2;depic_cula;0;A
1058;Horw;2;depic_med;0;A
1058;Horw;2;depic_spo;0;A
1058;Horw;2;depic_egl;0;A
362;Ittigen;2;depc_t;1006;A
362;Ittigen;2;depc_pat_cul;0;A
362;Ittigen;2;depc_cula;642;A
362;Ittigen;2;depc_med;10;A
362;Ittigen;2;depc_spo;354;A
362;Ittigen;2;depc_egl;0;A
362;Ittigen;2;depic_t;0;A
362;Ittigen;2;depic_pat_cul;0;A
362;Ittigen;2;depic_cula;0;A
362;Ittigen;2;depic_med;0;A
362;Ittigen;2;depic_spo;0;A
362;Ittigen;2;depic_egl;0;A
154;Küsnacht (ZH);2;depc_t;5997;A
154;Küsnacht (ZH);2;depc_pat_cul;85;A
154;Küsnacht (ZH);2;depc_cula;1140;A
154;Küsnacht (ZH);2;depc_med;237;A
154;Küsnacht (ZH);2;depc_spo;4535;A
154;Küsnacht (ZH);2;depc_egl;0;A
154;Küsnacht (ZH);2;depic_t;516;A
154;Küsnacht (ZH);2;depic_pat_cul;0;A
154;Küsnacht (ZH);2;depic_cula;391;A
154;Küsnacht (ZH);2;depic_med;0;A
154;Küsnacht (ZH);2;depic_spo;125;A
154;Küsnacht (ZH);2;depic_egl;0;A
5889;La Tour-de-Peilz;2;depc_t;5790;A
5889;La Tour-de-Peilz;2;depc_pat_cul;697;A
5889;La Tour-de-Peilz;2;depc_cula;1677;A
5889;La Tour-de-Peilz;2;depc_med;16;A
5889;La Tour-de-Peilz;2;depc_spo;3034;A
5889;La Tour-de-Peilz;2;depc_egl;367;A
5889;La Tour-de-Peilz;2;depic_t;503;A
5889;La Tour-de-Peilz;2;depic_pat_cul;0;A
5889;La Tour-de-Peilz;2;depic_cula;0;A
5889;La Tour-de-Peilz;2;depic_med;0;A
5889;La Tour-de-Peilz;2;depic_spo;214;A
5889;La Tour-de-Peilz;2;depic_egl;290;A
6623;Le Grand-Saconnex;2;depc_t;5170;A
6623;Le Grand-Saconnex;2;depc_pat_cul;0;A
6623;Le Grand-Saconnex;2;depc_cula;484;A
6623;Le Grand-Saconnex;2;depc_med;0;A
6623;Le Grand-Saconnex;2;depc_spo;4686;A
6623;Le Grand-Saconnex;2;depc_egl;0;A
6623;Le Grand-Saconnex;2;depic_t;256;A
6623;Le Grand-Saconnex;2;depic_pat_cul;0;A
6623;Le Grand-Saconnex;2;depic_cula;0;A
6623;Le Grand-Saconnex;2;depic_med;0;A
6623;Le Grand-Saconnex;2;depic_spo;256;A
6623;Le Grand-Saconnex;2;depic_egl;0;A
6436;Le Locle;2;depc_t;8204;A
6436;Le Locle;2;depc_pat_cul;2496;A
6436;Le Locle;2;depc_cula;1639;A
6436;Le Locle;2;depc_med;0;A
6436;Le Locle;2;depc_spo;3965;A
6436;Le Locle;2;depc_egl;105;A
6436;Le Locle;2;depic_t;1545;A
6436;Le Locle;2;depic_pat_cul;2;A
6436;Le Locle;2;depic_cula;0;A
6436;Le Locle;2;depic_med;0;A
6436;Le Locle;2;depic_spo;1544;A
6436;Le Locle;2;depic_egl;0;A
4201;Lenzburg;2;depc_t;3274;A
4201;Lenzburg;2;depc_pat_cul;554;A
4201;Lenzburg;2;depc_cula;584;A
4201;Lenzburg;2;depc_med;0;A
4201;Lenzburg;2;depc_spo;2136;A
4201;Lenzburg;2;depc_egl;0;A
4201;Lenzburg;2;depic_t;364;A
4201;Lenzburg;2;depic_pat_cul;0;A
4201;Lenzburg;2;depic_cula;0;A
4201;Lenzburg;2;depic_med;0;A
4201;Lenzburg;2;depic_spo;364;A
4201;Lenzburg;2;depic_egl;0;A
2829;Liestal;2;depc_t;3502;A
2829;Liestal;2;depc_pat_cul;480;A
2829;Liestal;2;depc_cula;620;A
2829;Liestal;2;depc_med;69;A
2829;Liestal;2;depc_spo;2334;A
2829;Liestal;2;depc_egl;0;A
2829;Liestal;2;depic_t;314;A
2829;Liestal;2;depic_pat_cul;307;A
2829;Liestal;2;depic_cula;0;A
2829;Liestal;2;depic_med;0;A
2829;Liestal;2;depic_spo;7;A
2829;Liestal;2;depic_egl;0;A
155;Männedorf;2;depc_t;3219;A
155;Männedorf;2;depc_pat_cul;103;A
155;Männedorf;2;depc_cula;558;A
155;Männedorf;2;depc_med;0;A
155;Männedorf;2;depc_spo;2558;A
155;Männedorf;2;depc_egl;0;A
155;Männedorf;2;depic_t;142;A
155;Männedorf;2;depic_pat_cul;0;A
155;Männedorf;2;depic_cula;0;A
155;Männedorf;2;depic_med;0;A
155;Männedorf;2;depic_spo;142;A
155;Männedorf;2;depic_egl;0;A
156;Meilen;2;depc_t;4858;A
156;Meilen;2;depc_pat_cul;93;A
156;Meilen;2;depc_cula;795;A
156;Meilen;2;depc_med;0;A
156;Meilen;2;depc_spo;3971;A
156;Meilen;2;depc_egl;0;A
156;Meilen;2;depic_t;209;A
156;Meilen;2;depic_pat_cul;0;A
156;Meilen;2;depic_cula;0;A
156;Meilen;2;depic_med;0;A
156;Meilen;2;depic_spo;209;A
156;Meilen;2;depic_egl;0;A
5254;Mendrisio;2;depc_t;12478;A
5254;Mendrisio;2;depc_pat_cul;1481;A
5254;Mendrisio;2;depc_cula;6545;A
5254;Mendrisio;2;depc_med;0;A
5254;Mendrisio;2;depc_spo;4272;A
5254;Mendrisio;2;depc_egl;181;A
5254;Mendrisio;2;depic_t;6116;A
5254;Mendrisio;2;depic_pat_cul;167;A
5254;Mendrisio;2;depic_cula;5577;A
5254;Mendrisio;2;depic_med;0;A
5254;Mendrisio;2;depic_spo;371;A
5254;Mendrisio;2;depic_egl;0;A
4254;Möhlin;2;depc_t;1709;A
4254;Möhlin;2;depc_pat_cul;0;A
4254;Möhlin;2;depc_cula;395;A
4254;Möhlin;2;depc_med;0;A
4254;Möhlin;2;depc_spo;1314;A
4254;Möhlin;2;depc_egl;0;A
4254;Möhlin;2;depic_t;0;A
4254;Möhlin;2;depic_pat_cul;0;A
4254;Möhlin;2;depic_cula;0;A
4254;Möhlin;2;depic_med;0;A
4254;Möhlin;2;depic_spo;0;A
4254;Möhlin;2;depic_egl;0;A
546;Münchenbuchsee;2;depc_t;2154;A
546;Münchenbuchsee;2;depc_pat_cul;0;A
546;Münchenbuchsee;2;depc_cula;459;A
546;Münchenbuchsee;2;depc_med;23;A
546;Münchenbuchsee;2;depc_spo;1672;A
546;Münchenbuchsee;2;depc_egl;0;A
546;Münchenbuchsee;2;depic_t;912;A
546;Münchenbuchsee;2;depic_pat_cul;0;A
546;Münchenbuchsee;2;depic_cula;0;A
546;Münchenbuchsee;2;depic_med;0;A
546;Münchenbuchsee;2;depic_spo;912;A
546;Münchenbuchsee;2;depic_egl;0;A
2769;Münchenstein;2;depc_t;2150;A
2769;Münchenstein;2;depc_pat_cul;69;A
2769;Münchenstein;2;depc_cula;336;A
2769;Münchenstein;2;depc_med;0;A
2769;Münchenstein;2;depc_spo;1746;A
2769;Münchenstein;2;depc_egl;0;A
2769;Münchenstein;2;depic_t;578;A
2769;Münchenstein;2;depic_pat_cul;0;A
2769;Münchenstein;2;depic_cula;0;A
2769;Münchenstein;2;depic_med;0;A
2769;Münchenstein;2;depic_spo;578;A
2769;Münchenstein;2;depic_egl;0;A
616;Münsingen;2;depc_t;3297;A
616;Münsingen;2;depc_pat_cul;579;A
616;Münsingen;2;depc_cula;670;A
616;Münsingen;2;depc_med;44;A
616;Münsingen;2;depc_spo;2004;A
616;Münsingen;2;depc_egl;0;A
616;Münsingen;2;depic_t;840;A
616;Münsingen;2;depic_pat_cul;0;A
616;Münsingen;2;depic_cula;0;A
616;Münsingen;2;depic_med;0;A
616;Münsingen;2;depic_spo;840;A
616;Münsingen;2;depic_egl;0;A
356;Muri bei Bern;2;depc_t;3471;A
356;Muri bei Bern;2;depc_pat_cul;0;A
356;Muri bei Bern;2;depc_cula;799;A
356;Muri bei Bern;2;depc_med;138;A
356;Muri bei Bern;2;depc_spo;2534;A
356;Muri bei Bern;2;depc_egl;0;A
356;Muri bei Bern;2;depic_t;1027;A
356;Muri bei Bern;2;depic_pat_cul;0;A
356;Muri bei Bern;2;depic_cula;0;A
356;Muri bei Bern;2;depic_med;0;A
356;Muri bei Bern;2;depic_spo;1027;A
356;Muri bei Bern;2;depic_egl;0;A
2937;Neuhausen am Rheinfall;2;depc_t;2416;A
2937;Neuhausen am Rheinfall;2;depc_pat_cul;;N
2937;Neuhausen am Rheinfall;2;depc_cula;411;A
2937;Neuhausen am Rheinfall;2;depc_med;735;A
2937;Neuhausen am Rheinfall;2;depc_spo;1270;A
2937;Neuhausen am Rheinfall;2;depc_egl;0;A
2937;Neuhausen am Rheinfall;2;depic_t;323;A
2937;Neuhausen am Rheinfall;2;depic_pat_cul;0;A
2937;Neuhausen am Rheinfall;2;depic_cula;0;A
2937;Neuhausen am Rheinfall;2;depic_med;188;A
2937;Neuhausen am Rheinfall;2;depic_spo;135;A
2937;Neuhausen am Rheinfall;2;depic_egl;0;A
2771;Oberwil (BL);2;depc_t;2338;A
2771;Oberwil (BL);2;depc_pat_cul;85;A
2771;Oberwil (BL);2;depc_cula;422;A
2771;Oberwil (BL);2;depc_med;693;A
2771;Oberwil (BL);2;depc_spo;1138;A
2771;Oberwil (BL);2;depc_egl;0;A
2771;Oberwil (BL);2;depic_t;148;A
2771;Oberwil (BL);2;depic_pat_cul;0;A
2771;Oberwil (BL);2;depic_cula;0;A
2771;Oberwil (BL);2;depic_med;104;A
2771;Oberwil (BL);2;depic_spo;44;A
2771;Oberwil (BL);2;depic_egl;0;A
4280;Oftringen;2;depc_t;745;A
4280;Oftringen;2;depc_pat_cul;106;A
4280;Oftringen;2;depc_cula;289;A
4280;Oftringen;2;depc_med;0;A
4280;Oftringen;2;depc_spo;350;A
4280;Oftringen;2;depc_egl;0;A
4280;Oftringen;2;depic_t;0;A
4280;Oftringen;2;depic_pat_cul;0;A
4280;Oftringen;2;depic_cula;0;A
4280;Oftringen;2;depic_med;0;A
4280;Oftringen;2;depic_spo;0;A
4280;Oftringen;2;depic_egl;0;A
5822;Payerne;2;depc_t;4064;A
5822;Payerne;2;depc_pat_cul;1184;A
5822;Payerne;2;depc_cula;374;A
5822;Payerne;2;depc_med;0;A
5822;Payerne;2;depc_spo;2507;A
5822;Payerne;2;depc_egl;0;A
5822;Payerne;2;depic_t;1596;A
5822;Payerne;2;depic_pat_cul;775;A
5822;Payerne;2;depic_cula;0;A
5822;Payerne;2;depic_med;0;A
5822;Payerne;2;depic_spo;822;A
5822;Payerne;2;depic_egl;0;A
177;Pfäffikon;2;depc_t;3100;A
177;Pfäffikon;2;depc_pat_cul;426;A
177;Pfäffikon;2;depc_cula;520;A
177;Pfäffikon;2;depc_med;0;A
177;Pfäffikon;2;depc_spo;2153;A
177;Pfäffikon;2;depc_egl;0;A
177;Pfäffikon;2;depic_t;7;A
177;Pfäffikon;2;depic_pat_cul;0;A
177;Pfäffikon;2;depic_cula;0;A
177;Pfäffikon;2;depic_med;0;A
177;Pfäffikon;2;depic_spo;7;A
177;Pfäffikon;2;depic_egl;0;A
6633;Plan-les-Ouates;2;depc_t;11649;A
6633;Plan-les-Ouates;2;depc_pat_cul;2;A
6633;Plan-les-Ouates;2;depc_cula;2859;A
6633;Plan-les-Ouates;2;depc_med;110;A
6633;Plan-les-Ouates;2;depc_spo;8672;A
6633;Plan-les-Ouates;2;depc_egl;6;A
6633;Plan-les-Ouates;2;depic_t;1174;A
6633;Plan-les-Ouates;2;depic_pat_cul;0;A
6633;Plan-les-Ouates;2;depic_cula;0;A
6633;Plan-les-Ouates;2;depic_med;0;A
6633;Plan-les-Ouates;2;depic_spo;1174;A
6633;Plan-les-Ouates;2;depic_egl;0;A
5589;Prilly;2;depc_t;5010;A
5589;Prilly;2;depc_pat_cul;;N
5589;Prilly;2;depc_cula;769;A
5589;Prilly;2;depc_med;41;A
5589;Prilly;2;depc_spo;3742;A
5589;Prilly;2;depc_egl;458;A
5589;Prilly;2;depic_t;29;A
5589;Prilly;2;depic_pat_cul;0;A
5589;Prilly;2;depic_cula;0;A
5589;Prilly;2;depic_med;0;A
5589;Prilly;2;depic_spo;29;A
5589;Prilly;2;depic_egl;0;A
4258;Rheinfelden;2;depc_t;7705;A
4258;Rheinfelden;2;depc_pat_cul;146;A
4258;Rheinfelden;2;depc_cula;1360;A
4258;Rheinfelden;2;depc_med;470;A
4258;Rheinfelden;2;depc_spo;5729;A
4258;Rheinfelden;2;depc_egl;0;A
4258;Rheinfelden;2;depic_t;3558;A
4258;Rheinfelden;2;depic_pat_cul;0;A
4258;Rheinfelden;2;depic_cula;0;A
4258;Rheinfelden;2;depic_med;0;A
4258;Rheinfelden;2;depic_spo;3558;A
4258;Rheinfelden;2;depic_egl;0;A
138;Richterswil;2;depc_t;1822;A
138;Richterswil;2;depc_pat_cul;7;A
138;Richterswil;2;depc_cula;326;A
138;Richterswil;2;depc_med;0;A
138;Richterswil;2;depc_spo;1489;A
138;Richterswil;2;depc_egl;0;A
138;Richterswil;2;depic_t;0;A
138;Richterswil;2;depic_pat_cul;0;A
138;Richterswil;2;depic_cula;0;A
138;Richterswil;2;depic_med;0;A
138;Richterswil;2;depic_spo;0;A
138;Richterswil;2;depic_egl;0;A
1707;Risch;2;depc_t;4273;A
1707;Risch;2;depc_pat_cul;0;A
1707;Risch;2;depc_cula;1049;A
1707;Risch;2;depc_med;0;A
1707;Risch;2;depc_spo;3225;A
1707;Risch;2;depc_egl;0;A
1707;Risch;2;depic_t;2591;A
1707;Risch;2;depic_pat_cul;0;A
1707;Risch;2;depic_cula;138;A
1707;Risch;2;depic_med;0;A
1707;Risch;2;depic_spo;2453;A
1707;Risch;2;depic_egl;0;A
4436;Romanshorn;2;depc_t;3350;A
4436;Romanshorn;2;depc_pat_cul;80;A
4436;Romanshorn;2;depc_cula;319;A
4436;Romanshorn;2;depc_med;57;A
4436;Romanshorn;2;depc_spo;2894;A
4436;Romanshorn;2;depc_egl;0;A
4436;Romanshorn;2;depic_t;653;A
4436;Romanshorn;2;depic_pat_cul;0;A
4436;Romanshorn;2;depic_cula;0;A
4436;Romanshorn;2;depic_med;0;A
4436;Romanshorn;2;depic_spo;653;A
4436;Romanshorn;2;depic_egl;0;A
118;Rüti (ZH);2;depc_t;1790;A
118;Rüti (ZH);2;depc_pat_cul;0;A
118;Rüti (ZH);2;depc_cula;959;A
118;Rüti (ZH);2;depc_med;0;A
118;Rüti (ZH);2;depc_spo;830;A
118;Rüti (ZH);2;depc_egl;0;A
118;Rüti (ZH);2;depic_t;13;A
118;Rüti (ZH);2;depic_pat_cul;0;A
118;Rüti (ZH);2;depic_cula;0;A
118;Rüti (ZH);2;depic_med;0;A
118;Rüti (ZH);2;depic_spo;13;A
118;Rüti (ZH);2;depic_egl;0;A
1407;Sarnen;2;depc_t;3171;A
1407;Sarnen;2;depc_pat_cul;205;A
1407;Sarnen;2;depc_cula;329;A
1407;Sarnen;2;depc_med;62;A
1407;Sarnen;2;depc_spo;2574;A
1407;Sarnen;2;depc_egl;1;A
1407;Sarnen;2;depic_t;8;A
1407;Sarnen;2;depic_pat_cul;0;A
1407;Sarnen;2;depic_cula;0;A
1407;Sarnen;2;depic_med;0;A
1407;Sarnen;2;depic_spo;8;A
1407;Sarnen;2;depic_egl;0;A
768;Spiez;2;depc_t;2286;A
768;Spiez;2;depc_pat_cul;0;A
768;Spiez;2;depc_cula;495;A
768;Spiez;2;depc_med;0;A
768;Spiez;2;depc_spo;1791;A
768;Spiez;2;depc_egl;0;A
768;Spiez;2;depic_t;0;A
768;Spiez;2;depic_pat_cul;0;A
768;Spiez;2;depic_cula;0;A
768;Spiez;2;depic_med;0;A
768;Spiez;2;depic_spo;0;A
768;Spiez;2;depic_egl;0;A
4040;Spreitenbach;2;depc_t;1060;A
4040;Spreitenbach;2;depc_pat_cul;0;A
4040;Spreitenbach;2;depc_cula;346;A
4040;Spreitenbach;2;depc_med;35;A
4040;Spreitenbach;2;depc_spo;679;A
4040;Spreitenbach;2;depc_egl;0;A
4040;Spreitenbach;2;depic_t;111;A
4040;Spreitenbach;2;depic_pat_cul;0;A
4040;Spreitenbach;2;depic_cula;0;A
4040;Spreitenbach;2;depic_med;0;A
4040;Spreitenbach;2;depic_spo;111;A
4040;Spreitenbach;2;depic_egl;0;A
158;Stäfa;2;depc_t;1700;A
158;Stäfa;2;depc_pat_cul;8;A
158;Stäfa;2;depc_cula;556;A
158;Stäfa;2;depc_med;0;A
158;Stäfa;2;depc_spo;1136;A
158;Stäfa;2;depc_egl;0;A
158;Stäfa;2;depic_t;45;A
158;Stäfa;2;depic_pat_cul;0;A
158;Stäfa;2;depic_cula;0;A
158;Stäfa;2;depic_med;0;A
158;Stäfa;2;depic_spo;45;A
158;Stäfa;2;depic_egl;0;A
1708;Steinhausen;2;depc_t;3492;A
1708;Steinhausen;2;depc_pat_cul;0;A
1708;Steinhausen;2;depc_cula;735;A
1708;Steinhausen;2;depc_med;0;A
1708;Steinhausen;2;depc_spo;2757;A
1708;Steinhausen;2;depc_egl;0;A
1708;Steinhausen;2;depic_t;2541;A
1708;Steinhausen;2;depic_pat_cul;0;A
1708;Steinhausen;2;depic_cula;0;A
1708;Steinhausen;2;depic_med;0;A
1708;Steinhausen;2;depic_spo;2541;A
1708;Steinhausen;2;depic_egl;0;A
4012;Suhr;2;depc_t;;M
4012;Suhr;2;depc_pat_cul;;M
4012;Suhr;2;depc_cula;;M
4012;Suhr;2;depc_med;;M
4012;Suhr;2;depc_spo;;M
4012;Suhr;2;depc_egl;;M
4012;Suhr;2;depic_t;;M
4012;Suhr;2;depic_pat_cul;;M
4012;Suhr;2;depic_cula;;M
4012;Suhr;2;depic_med;;M
4012;Suhr;2;depic_spo;;M
4012;Suhr;2;depic_egl;;M
1103;Sursee;2;depc_t;2471;A
1103;Sursee;2;depc_pat_cul;74;A
1103;Sursee;2;depc_cula;907;A
1103;Sursee;2;depc_med;6;A
1103;Sursee;2;depc_spo;1483;A
1103;Sursee;2;depc_egl;0;A
1103;Sursee;2;depic_t;150;A
1103;Sursee;2;depic_pat_cul;0;A
1103;Sursee;2;depic_cula;40;A
1103;Sursee;2;depic_med;0;A
1103;Sursee;2;depic_spo;110;A
1103;Sursee;2;depic_egl;0;A
6640;Thônex;2;depc_t;7472;A
6640;Thônex;2;depc_pat_cul;0;A
6640;Thônex;2;depc_cula;791;A
6640;Thônex;2;depc_med;125;A
6640;Thônex;2;depc_spo;6555;A
6640;Thônex;2;depc_egl;0;A
6640;Thônex;2;depic_t;783;A
6640;Thônex;2;depic_pat_cul;0;A
6640;Thônex;2;depic_cula;0;A
6640;Thônex;2;depic_med;0;A
6640;Thônex;2;depic_spo;783;A
6640;Thônex;2;depic_egl;0;A
3408;Uzwil;2;depc_t;2967;A
3408;Uzwil;2;depc_pat_cul;71;A
3408;Uzwil;2;depc_cula;963;A
3408;Uzwil;2;depc_med;0;A
3408;Uzwil;2;depc_spo;1933;A
3408;Uzwil;2;depc_egl;0;A
3408;Uzwil;2;depic_t;53;A
3408;Uzwil;2;depic_pat_cul;0;A
3408;Uzwil;2;depic_cula;0;A
3408;Uzwil;2;depic_med;0;A
3408;Uzwil;2;depic_spo;53;A
3408;Uzwil;2;depic_egl;0;A
6644;Versoix;2;depc_t;7636;A
6644;Versoix;2;depc_pat_cul;524;A
6644;Versoix;2;depc_cula;1662;A
6644;Versoix;2;depc_med;82;A
6644;Versoix;2;depc_spo;5368;A
6644;Versoix;2;depc_egl;0;A
6644;Versoix;2;depic_t;1677;A
6644;Versoix;2;depic_pat_cul;0;A
6644;Versoix;2;depic_cula;0;A
6644;Versoix;2;depic_med;0;A
6644;Versoix;2;depic_spo;1677;A
6644;Versoix;2;depic_egl;0;A
2228;Villars-sur-Glâne;2;depc_t;3427;A
2228;Villars-sur-Glâne;2;depc_pat_cul;0;A
2228;Villars-sur-Glâne;2;depc_cula;2096;A
2228;Villars-sur-Glâne;2;depc_med;0;A
2228;Villars-sur-Glâne;2;depc_spo;1331;A
2228;Villars-sur-Glâne;2;depc_egl;0;A
2228;Villars-sur-Glâne;2;depic_t;24;A
2228;Villars-sur-Glâne;2;depic_pat_cul;0;A
2228;Villars-sur-Glâne;2;depic_cula;0;A
2228;Villars-sur-Glâne;2;depic_med;0;A
2228;Villars-sur-Glâne;2;depic_spo;24;A
2228;Villars-sur-Glâne;2;depic_egl;0;A
4946;Weinfelden;2;depc_t;4721;A
4946;Weinfelden;2;depc_pat_cul;15;A
4946;Weinfelden;2;depc_cula;815;A
4946;Weinfelden;2;depc_med;0;A
4946;Weinfelden;2;depc_spo;3891;A
4946;Weinfelden;2;depc_egl;0;A
4946;Weinfelden;2;depic_t;772;A
4946;Weinfelden;2;depic_pat_cul;0;A
4946;Weinfelden;2;depic_cula;0;A
4946;Weinfelden;2;depic_med;0;A
4946;Weinfelden;2;depic_spo;772;A
4946;Weinfelden;2;depic_egl;0;A
627;Worb;2;depc_t;4205;A
627;Worb;2;depc_pat_cul;;N
627;Worb;2;depc_cula;507;A
627;Worb;2;depc_med;99;A
627;Worb;2;depc_spo;3599;A
627;Worb;2;depc_egl;0;A
627;Worb;2;depic_t;2343;A
627;Worb;2;depic_pat_cul;0;A
627;Worb;2;depic_cula;0;A
627;Worb;2;depic_med;0;A
627;Worb;2;depic_spo;2343;A
627;Worb;2;depic_egl;0;A
4289;Zofingen;2;depc_t;4054;A
4289;Zofingen;2;depc_pat_cul;35;A
4289;Zofingen;2;depc_cula;1896;A
4289;Zofingen;2;depc_med;0;A
4289;Zofingen;2;depc_spo;2123;A
4289;Zofingen;2;depc_egl;0;A
4289;Zofingen;2;depic_t;138;A
4289;Zofingen;2;depic_pat_cul;0;A
4289;Zofingen;2;depic_cula;0;A
4289;Zofingen;2;depic_med;0;A
4289;Zofingen;2;depic_spo;138;A
4289;Zofingen;2;depic_egl;0;A
361;Zollikofen;2;depc_t;2900;A
361;Zollikofen;2;depc_pat_cul;;N
361;Zollikofen;2;depc_cula;907;A
361;Zollikofen;2;depc_med;797;A
361;Zollikofen;2;depc_spo;1197;A
361;Zollikofen;2;depc_egl;0;A
361;Zollikofen;2;depic_t;1162;A
361;Zollikofen;2;depic_pat_cul;0;A
361;Zollikofen;2;depic_cula;344;A
361;Zollikofen;2;depic_med;0;A
361;Zollikofen;2;depic_spo;818;A
361;Zollikofen;2;depic_egl;0;A
161;Zollikon;2;depc_t;7797;A
161;Zollikon;2;depc_pat_cul;215;A
161;Zollikon;2;depc_cula;553;A
161;Zollikon;2;depc_med;0;A
161;Zollikon;2;depc_spo;7029;A
161;Zollikon;2;depc_egl;0;A
161;Zollikon;2;depic_t;1194;A
161;Zollikon;2;depic_pat_cul;0;A
161;Zollikon;2;depic_cula;0;A
161;Zollikon;2;depic_med;0;A
161;Zollikon;2;depic_spo;1194;A
161;Zollikon;2;depic_egl;0;A
1201;Altdorf (UR);1;depc_t;2236;A
1201;Altdorf (UR);1;depc_pat_cul;59;A
1201;Altdorf (UR);1;depc_cula;1469;A
1201;Altdorf (UR);1;depc_med;6;A
1201;Altdorf (UR);1;depc_spo;703;A
1201;Altdorf (UR);1;depc_egl;0;A
1201;Altdorf (UR);1;depic_t;543;A
1201;Altdorf (UR);1;depic_pat_cul;0;A
1201;Altdorf (UR);1;depic_cula;493;A
1201;Altdorf (UR);1;depic_med;0;A
1201;Altdorf (UR);1;depic_spo;51;A
1201;Altdorf (UR);1;depic_egl;0;A
3101;Appenzell;1;depc_t;1706;A
3101;Appenzell;1;depc_pat_cul;6;A
3101;Appenzell;1;depc_cula;57;A
3101;Appenzell;1;depc_med;0;A
3101;Appenzell;1;depc_spo;1643;A
3101;Appenzell;1;depc_egl;0;A
3101;Appenzell;1;depic_t;1075;A
3101;Appenzell;1;depic_pat_cul;0;A
3101;Appenzell;1;depic_cula;0;A
3101;Appenzell;1;depic_med;0;A
3101;Appenzell;1;depic_spo;1075;A
3101;Appenzell;1;depic_egl;0;A
2763;Arlesheim;1;depc_t;3023;A
2763;Arlesheim;1;depc_pat_cul;111;A
2763;Arlesheim;1;depc_cula;1086;A
2763;Arlesheim;1;depc_med;0;A
2763;Arlesheim;1;depc_spo;1826;A
2763;Arlesheim;1;depc_egl;0;A
2763;Arlesheim;1;depic_t;261;A
2763;Arlesheim;1;depic_pat_cul;0;A
2763;Arlesheim;1;depic_cula;254;A
2763;Arlesheim;1;depic_med;0;A
2763;Arlesheim;1;depic_spo;7;A
2763;Arlesheim;1;depic_egl;0;A
3921;Arosa;1;depc_t;1370;A
3921;Arosa;1;depc_pat_cul;109;A
3921;Arosa;1;depc_cula;193;A
3921;Arosa;1;depc_med;;N
3921;Arosa;1;depc_spo;1068;A
3921;Arosa;1;depc_egl;0;A
3921;Arosa;1;depic_t;159;A
3921;Arosa;1;depic_pat_cul;102;A
3921;Arosa;1;depic_cula;0;A
3921;Arosa;1;depic_med;;N
3921;Arosa;1;depic_spo;57;A
3921;Arosa;1;depic_egl;0;A
5624;Bussigny;1;depc_t;3805;A
5624;Bussigny;1;depc_pat_cul;0;A
5624;Bussigny;1;depc_cula;995;A
5624;Bussigny;1;depc_med;1169;A
5624;Bussigny;1;depc_spo;1459;A
5624;Bussigny;1;depc_egl;182;A
5624;Bussigny;1;depic_t;701;A
5624;Bussigny;1;depic_pat_cul;0;A
5624;Bussigny;1;depic_cula;0;A
5624;Bussigny;1;depic_med;562;A
5624;Bussigny;1;depic_spo;88;A
5624;Bussigny;1;depic_egl;51;A
5250;Chiasso;1;depc_t;7305;A
5250;Chiasso;1;depc_pat_cul;1067;A
5250;Chiasso;1;depc_cula;1728;A
5250;Chiasso;1;depc_med;0;A
5250;Chiasso;1;depc_spo;4489;A
5250;Chiasso;1;depc_egl;20;A
5250;Chiasso;1;depic_t;525;A
5250;Chiasso;1;depic_pat_cul;36;A
5250;Chiasso;1;depic_cula;55;A
5250;Chiasso;1;depic_med;0;A
5250;Chiasso;1;depic_spo;434;A
5250;Chiasso;1;depic_egl;0;A
5583;Crissier;1;depc_t;1666;A
5583;Crissier;1;depc_pat_cul;19;A
5583;Crissier;1;depc_cula;548;A
5583;Crissier;1;depc_med;0;A
5583;Crissier;1;depc_spo;950;A
5583;Crissier;1;depc_egl;149;A
5583;Crissier;1;depic_t;11;A
5583;Crissier;1;depic_pat_cul;0;A
5583;Crissier;1;depic_cula;0;A
5583;Crissier;1;depic_med;0;A
5583;Crissier;1;depic_spo;11;A
5583;Crissier;1;depic_egl;0;A
581;Interlaken;1;depc_t;1424;A
581;Interlaken;1;depc_pat_cul;40;A
581;Interlaken;1;depc_cula;342;A
581;Interlaken;1;depc_med;0;A
581;Interlaken;1;depc_spo;1043;A
581;Interlaken;1;depc_egl;0;A
581;Interlaken;1;depic_t;120;A
581;Interlaken;1;depic_pat_cul;0;A
581;Interlaken;1;depic_cula;100;A
581;Interlaken;1;depic_med;0;A
581;Interlaken;1;depic_spo;20;A
581;Interlaken;1;depic_egl;0;A
723;La Neuveville;1;depc_t;1406;A
723;La Neuveville;1;depc_pat_cul;78;A
723;La Neuveville;1;depc_cula;220;A
723;La Neuveville;1;depc_med;461;A
723;La Neuveville;1;depc_spo;646;A
723;La Neuveville;1;depc_egl;0;A
723;La Neuveville;1;depic_t;0;A
723;La Neuveville;1;depic_pat_cul;0;A
723;La Neuveville;1;depic_cula;0;A
723;La Neuveville;1;depic_med;0;A
723;La Neuveville;1;depic_spo;0;A
723;La Neuveville;1;depic_egl;0;A
700;Moutier;1;depc_t;2040;A
700;Moutier;1;depc_pat_cul;258;A
700;Moutier;1;depc_cula;188;A
700;Moutier;1;depc_med;0;A
700;Moutier;1;depc_spo;1595;A
700;Moutier;1;depc_egl;0;A
700;Moutier;1;depic_t;33;A
700;Moutier;1;depic_pat_cul;0;A
700;Moutier;1;depic_cula;0;A
700;Moutier;1;depic_med;0;A
700;Moutier;1;depic_spo;33;A
700;Moutier;1;depic_egl;0;A
2275;Murten;1;depc_t;2993;A
2275;Murten;1;depc_pat_cul;409;A
2275;Murten;1;depc_cula;818;A
2275;Murten;1;depc_med;0;A
2275;Murten;1;depc_spo;1766;A
2275;Murten;1;depc_egl;0;A
2275;Murten;1;depic_t;54;A
2275;Murten;1;depic_pat_cul;39;A
2275;Murten;1;depic_cula;0;A
2275;Murten;1;depic_med;0;A
2275;Murten;1;depic_spo;15;A
2275;Murten;1;depic_egl;0;A
6412;Peseux;1;depc_t;1370;A
6412;Peseux;1;depc_pat_cul;3;A
6412;Peseux;1;depc_cula;340;A
6412;Peseux;1;depc_med;402;A
6412;Peseux;1;depc_spo;559;A
6412;Peseux;1;depc_egl;67;A
6412;Peseux;1;depic_t;156;A
6412;Peseux;1;depic_pat_cul;0;A
6412;Peseux;1;depic_cula;0;A
6412;Peseux;1;depic_med;156;A
6412;Peseux;1;depic_spo;0;A
6412;Peseux;1;depic_egl;0;A
6800;Porrentruy;1;depc_t;4003;A
6800;Porrentruy;1;depc_pat_cul;0;A
6800;Porrentruy;1;depc_cula;954;A
6800;Porrentruy;1;depc_med;0;A
6800;Porrentruy;1;depc_spo;3048;A
6800;Porrentruy;1;depc_egl;0;A
6800;Porrentruy;1;depic_t;1572;A
6800;Porrentruy;1;depic_pat_cul;0;A
6800;Porrentruy;1;depic_cula;0;A
6800;Porrentruy;1;depic_med;0;A
6800;Porrentruy;1;depic_spo;1572;A
6800;Porrentruy;1;depic_egl;0;A
3215;Rorschach;1;depc_t;4741;A
3215;Rorschach;1;depc_pat_cul;54;A
3215;Rorschach;1;depc_cula;727;A
3215;Rorschach;1;depc_med;0;A
3215;Rorschach;1;depc_spo;3960;A
3215;Rorschach;1;depc_egl;0;A
3215;Rorschach;1;depic_t;935;A
3215;Rorschach;1;depic_pat_cul;0;A
3215;Rorschach;1;depic_cula;0;A
3215;Rorschach;1;depic_med;0;A
3215;Rorschach;1;depic_spo;935;A
3215;Rorschach;1;depic_egl;0;A
3787;St. Moritz;1;depc_t;14109;A
3787;St. Moritz;1;depc_pat_cul;629;A
3787;St. Moritz;1;depc_cula;965;A
3787;St. Moritz;1;depc_med;0;A
3787;St. Moritz;1;depc_spo;12514;A
3787;St. Moritz;1;depc_egl;0;A
3787;St. Moritz;1;depic_t;5156;A
3787;St. Moritz;1;depic_pat_cul;244;A
3787;St. Moritz;1;depic_cula;112;A
3787;St. Moritz;1;depic_med;0;A
3787;St. Moritz;1;depic_spo;4801;A
3787;St. Moritz;1;depic_egl;0;A
1509;Stans;1;depc_t;2261;A
1509;Stans;1;depc_pat_cul;136;A
1509;Stans;1;depc_cula;412;A
1509;Stans;1;depc_med;104;A
1509;Stans;1;depc_spo;1609;A
1509;Stans;1;depc_egl;0;A
1509;Stans;1;depic_t;912;A
1509;Stans;1;depic_pat_cul;100;A
1509;Stans;1;depic_cula;0;A
1509;Stans;1;depic_med;0;A
1509;Stans;1;depic_spo;812;A
1509;Stans;1;depic_egl;0;A
250;Urdorf;1;depc_t;3325;A
250;Urdorf;1;depc_pat_cul;31;A
250;Urdorf;1;depc_cula;314;A
250;Urdorf;1;depc_med;0;A
250;Urdorf;1;depc_spo;2980;A
250;Urdorf;1;depc_egl;0;A
250;Urdorf;1;depic_t;0;A
250;Urdorf;1;depic_pat_cul;0;A
250;Urdorf;1;depic_cula;0;A
250;Urdorf;1;depic_med;0;A
250;Urdorf;1;depic_spo;0;A
250;Urdorf;1;depic_egl;0;A
6297;Visp;1;depc_t;24576;A
6297;Visp;1;depc_pat_cul;0;A
6297;Visp;1;depc_cula;2770;A
6297;Visp;1;depc_med;40;A
6297;Visp;1;depc_spo;20670;A
6297;Visp;1;depc_egl;1096;A
6297;Visp;1;depic_t;20385;A
6297;Visp;1;depic_pat_cul;0;A
6297;Visp;1;depic_cula;1051;A
6297;Visp;1;depic_med;0;A
6297;Visp;1;depic_spo;19334;A
6297;Visp;1;depic_egl;0;A
6300;Zermatt;1;depc_t;5417;A
6300;Zermatt;1;depc_pat_cul;334;A
6300;Zermatt;1;depc_cula;574;A
6300;Zermatt;1;depc_med;123;A
6300;Zermatt;1;depc_spo;3873;A
6300;Zermatt;1;depc_egl;512;A
6300;Zermatt;1;depic_t;1112;A
6300;Zermatt;1;depic_pat_cul;75;A
6300;Zermatt;1;depic_cula;0;A
6300;Zermatt;1;depic_med;0;A
6300;Zermatt;1;depic_spo;1036;A
6300;Zermatt;1;depic_egl;0;A
2534;Zuchwil;1;depc_t;4396;A
2534;Zuchwil;1;depc_pat_cul;24;A
2534;Zuchwil;1;depc_cula;298;A
2534;Zuchwil;1;depc_med;76;A
2534;Zuchwil;1;depc_spo;3998;A
2534;Zuchwil;1;depc_egl;0;A
2534;Zuchwil;1;depic_t;3299;A
2534;Zuchwil;1;depic_pat_cul;0;A
2534;Zuchwil;1;depic_cula;0;A
2534;Zuchwil;1;depic_med;0;A
2534;Zuchwil;1;depic_spo;3299;A
2534;Zuchwil;1;depic_egl;0;A